date,log_time,tournament,title,home-team,away-team,pre-match_odds_home,pre-match_odds_draw,pre-match_odds_away,home_ht_goals,away_ht_goals,ht_goals
07-09-25,09:25,,Tuen Mun SA vs Wong Tai Sin DRSC,Tuen Mun SA,Wong Tai Sin DRSC,,,,0,1,1
07-09-25,09:25,,St. Joseph's Football Club vs Qi Yi,St. Joseph's Football Club,Qi Yi,,,,0,0,0
07-09-25,09:25,,Tsun Tat vs Ornament,Tsun Tat,Ornament,,,,0,0,0
07-09-25,09:30,,Yuen Long FC vs Sha Tin,Yuen Long FC,Sha Tin,,,,0,0,0
07-09-25,09:52,,Poland SRL vs Finland SRL,Poland SRL,Finland SRL,,,,0,0,0
07-09-25,09:52,,Busan Transportation Corporation FC vs Jeonbuk FC II,Busan Transportation Corporation FC,Jeonbuk FC II,,,,1,0,1
07-09-25,09:52,,Gimhae FC vs Changwon City FC,Gimhae FC,Changwon City FC,,,,0,1,1
07-09-25,09:52,,Pocheon Citizen FC vs Siheung Citizen FC,Pocheon Citizen FC,Siheung Citizen FC,,,,1,0,1
07-09-25,09:52,,Briobecca Urayasu vs Veertien Mie,Briobecca Urayasu,Veertien Mie,,,,0,0,0
07-09-25,09:52,,Liaoning Shenbei Hefeng vs Henan Jianye,Liaoning Shenbei Hefeng,Henan Jianye,,,,0,0,0
07-09-25,09:52,,Shandong Sports Lottery vs Chongqing Yongchuan,Shandong Sports Lottery,Chongqing Yongchuan,,,,1,0,1
07-09-25,09:52,,Mamelodi Sundowns vs Bloemfontein Celtic,Mamelodi Sundowns,Bloemfontein Celtic,,,,0,1,1
07-09-25,09:52,,Fujieda City Hall Soccer Club vs FC Kariya,Fujieda City Hall Soccer Club,FC Kariya,,,,0,1,1
07-09-25,10:09,,SK Sigma Olomouc B vs TJ Start Brno,SK Sigma Olomouc B,TJ Start Brno,,,,0,0,0
07-09-25,10:09,,Hills United FC vs SD Raiders FC,Hills United FC,SD Raiders FC,,,,0,0,0
07-09-25,10:26,,FC Petrzalka vs MFK Stara Lubovna,FC Petrzalka,MFK Stara Lubovna,,,,1,0,1
07-09-25,10:26,,Treboradice vs Cechie Uhrineves,Treboradice,Cechie Uhrineves,,,,0,0,0
07-09-25,10:45,,Terengganu FA U20 vs Kuching City U20,Terengganu FA U20,Kuching City U20,,,,1,0,1
07-09-25,10:58,,Suzuka Point Getters vs Maruyasu Okazaki,Suzuka Point Getters,Maruyasu Okazaki,,,,0,1,1
07-09-25,10:58,,FC Kitzbuhel vs Wacker Innsbruck,FC Kitzbuhel,Wacker Innsbruck,,,,0,1,1
07-09-25,10:58,,Dornbirner SV vs FC Wolfurt,Dornbirner SV,FC Wolfurt,,,,0,1,1
07-09-25,10:58,,Milan SRL vs Arsenal SRL,Milan SRL,Arsenal SRL,,,,0,0,0
07-09-25,10:58,,SK Sigma Olomouc vs HNK Rijeka SRL,SK Sigma Olomouc,HNK Rijeka SRL,,,,1,0,1
07-09-25,10:58,,Utrecht SRL vs Aris SRL,Utrecht SRL,Aris SRL,,,,0,0,0
07-09-25,10:58,,Canberra Olympic vs Gungahlin United FC,Canberra Olympic,Gungahlin United FC,,,,0,0,0
07-09-25,10:58,,FK Transinvest vs FK Zalgiris Vilnius,FK Transinvest,FK Zalgiris Vilnius,,,,1,0,1
07-09-25,10:58,,RW Rankweil vs SK Austria Klagenfurt,RW Rankweil,SK Austria Klagenfurt,,,,0,1,1
07-09-25,10:58,,Svk Wildcats vs Wacker Innsbruck,Svk Wildcats,Wacker Innsbruck,,,,1,0,1
07-09-25,10:58,,ETO Akademia vs Veszprem FC,ETO Akademia,Veszprem FC,,,,0,0,0
07-09-25,10:58,,Ferencvarosi TC II vs Ivancsa KSE,Ferencvarosi TC II,Ivancsa KSE,,,,1,0,1
07-09-25,10:58,,MTK Budapest II vs Erdi VSE,MTK Budapest II,Erdi VSE,,,,0,0,0
07-09-25,10:58,,Paksi FC II vs Dombovari FC,Paksi FC II,Dombovari FC,,,,1,0,1
07-09-25,10:58,,FC Barcelona B vs CA Osasuna,FC Barcelona B,CA Osasuna,,,,1,0,1
07-09-25,11:20,,Getafe CF B vs CDA Navalcarnero,Getafe CF B,CDA Navalcarnero,,,,1,0,1
07-09-25,11:20,,SAD Villaverde San Andres vs CD Mostoles URJC,SAD Villaverde San Andres,CD Mostoles URJC,,,,1,0,1
07-09-25,11:20,,Tallinna JK Legion vs Maardu Linnameeskond,Tallinna JK Legion,Maardu Linnameeskond,,,,1,0,1
07-09-25,11:20,,Wanchai vs Leaper FC,Wanchai,Leaper FC,,,,0,0,0
07-09-25,11:20,,FC Prague vs Lokomotiva Brno Horni Herspice,FC Prague,Lokomotiva Brno Horni Herspice,,,,0,1,1
07-09-25,11:20,,Mfa Zalgiris Vilnius vs FC Hegelmann Kaunas,Mfa Zalgiris Vilnius,FC Hegelmann Kaunas,,,,1,0,1
07-09-25,11:35,,Taltala ES vs Sail Football Academy,Taltala ES,Sail Football Academy,,,,0,0,0
07-09-25,11:54,,Kashiwa Reysol vs Yokohama F Marinos,Kashiwa Reysol,Yokohama F Marinos,,,,0,0,0
07-09-25,11:54,,Bucheon FC vs Incheon United FC,Bucheon FC,Incheon United FC,,,,0,0,0
07-09-25,11:54,,Gimpo FC vs Cheonan City FC,Gimpo FC,Cheonan City FC,,,,0,1,1
07-09-25,11:54,,Elche Ilicitano CF vs UD Socuellamos CF,Elche Ilicitano CF,UD Socuellamos CF,,,,0,1,1
07-09-25,11:54,,FC Barcelona Atletic vs UE Porreres,FC Barcelona Atletic,UE Porreres,,,,0,0,0
07-09-25,11:54,,UB Conquense vs CF Rayo Majadahonda,UB Conquense,CF Rayo Majadahonda,,,,0,0,0
07-09-25,11:54,,Gd Samora Correia vs SC Lusitania Angra,Gd Samora Correia,SC Lusitania Angra,,,,0,1,1
07-09-25,11:54,,SD Tarazona vs Antequera CF,SD Tarazona,Antequera CF,,,,0,0,0
07-09-25,11:54,,Racing Club Villalbes vs Alondras CF,Racing Club Villalbes,Alondras CF,,,,0,1,1
07-09-25,11:54,,Cadiz CF B vs Dos Hermanas CF 1971,Cadiz CF B,Dos Hermanas CF 1971,,,,1,0,1
07-09-25,11:54,,Sevilla FC C vs Conil CF,Sevilla FC C,Conil CF,,,,0,0,0
07-09-25,11:54,,CD Varea vs UD Logrones B,CD Varea,UD Logrones B,,,,0,0,0
07-09-25,11:54,,Deportivo Alaves C vs SD Deusto,Deportivo Alaves C,SD Deusto,,,,1,0,1
07-09-25,11:54,,AD Union Adarve vs UD Sanse,AD Union Adarve,UD Sanse,,,,0,0,0
07-09-25,11:54,,CF Pozuelo de Alarcon vs Mexico FC,CF Pozuelo de Alarcon,Mexico FC,,,,0,0,0
07-09-25,11:54,,CR Granada vs CD Martos,CR Granada,CD Martos,,,,0,1,1
07-09-25,11:54,,Finglas United vs Kilbarrack United,Finglas United,Kilbarrack United,,,,1,0,1
07-09-25,11:54,,UCD AFC LSL vs St. Francis FC,UCD AFC LSL,St. Francis FC,,,,0,0,0
07-09-25,11:54,,FC Zenit-2 St Petersburg vs FC Cherepovets Sshor Vityaz,FC Zenit-2 St Petersburg,FC Cherepovets Sshor Vityaz,,,,1,0,1
07-09-25,11:54,,Ahli Madani vs AL Hilal (SDN),Ahli Madani,AL Hilal (SDN),,,,0,0,0
07-09-25,11:54,,FC Livyi Bereh Kyiv II vs Hirnyk-Sport Horishni Plavni,FC Livyi Bereh Kyiv II,Hirnyk-Sport Horishni Plavni,,,,1,0,1
07-09-25,11:54,,Sportsmen Kazan vs FC Kamaz Naberezhnye Chelny Youth,Sportsmen Kazan,FC Kamaz Naberezhnye Chelny Youth,,,,1,0,1
07-09-25,11:54,,Rapid Wien SRL vs Santa Clara SRL,Rapid Wien SRL,Santa Clara SRL,,,,1,0,1
07-09-25,11:54,,Trabzonspor SRL vs Broendby SRL,Trabzonspor SRL,Broendby SRL,,,,0,1,1
07-09-25,11:54,,Wolfsburg SRL vs Athletic Bilbao SRL,Wolfsburg SRL,Athletic Bilbao SRL,,,,0,1,1
07-09-25,11:54,,Granada CF vs Levante Las Planas FC,Granada CF,Levante Las Planas FC,,,,0,1,1
07-09-25,11:54,,Tallinna FC Flora vs Rakvere JK Tarvas,Tallinna FC Flora,Rakvere JK Tarvas,,,,1,0,1
07-09-25,11:54,,SSU Politehnica Timisoara vs Afk Csikszereda Miercurea Ciuc,SSU Politehnica Timisoara,Afk Csikszereda Miercurea Ciuc,,,,0,0,0
07-09-25,12:09,,Kawasaki Frontale vs Urawa Red Diamonds,Kawasaki Frontale,Urawa Red Diamonds,,,,1,0,1
07-09-25,12:09,,Vissel Kobe vs Yokohama FC,Vissel Kobe,Yokohama FC,,,,0,0,0
07-09-25,12:09,,CF Algeciras vs Marbella FC,CF Algeciras,Marbella FC,,,,0,0,0
07-09-25,12:22,,Rayo Vallecano B vs CD Coria,Rayo Vallecano B,CD Coria,,,,1,0,1
07-09-25,12:22,,SE Aem vs Cacereno Femenino,SE Aem,Cacereno Femenino,,,,0,0,0
07-09-25,12:32,,FK Austria Wien vs First Vienna FC 1894,FK Austria Wien,First Vienna FC 1894,,,,1,0,1
07-09-25,12:50,,FC Helsingoer vs Brabrand IF,FC Helsingoer,Brabrand IF,,,,0,0,0
07-09-25,12:50,,Beijing Institute of Technology vs Guangxi Lanhang,Beijing Institute of Technology,Guangxi Lanhang,,,,0,0,0
07-09-25,12:50,,FC Stockholm Internazionale vs United IK Nordic,FC Stockholm Internazionale,United IK Nordic,,,,0,0,0
07-09-25,12:50,,Astorps FF vs Vastra Frolunda IF,Astorps FF,Vastra Frolunda IF,,,,0,0,0
07-09-25,12:50,,Kosmos Dolgoprudny vs FC Chertanovo Moscow,Kosmos Dolgoprudny,FC Chertanovo Moscow,,,,1,0,1
07-09-25,12:50,,Neman 2 vs Energetik BGU Minsk,Neman 2,Energetik BGU Minsk,,,,0,1,1
07-09-25,12:50,,Cerro Porteño Reserves vs Club Atletico Tembetary Reserves,Cerro Porteño Reserves,Club Atletico Tembetary Reserves,,,,1,0,1
07-09-25,12:50,,Club General Caballero Reserves vs Club Libertad Asunción Reserves,Club General Caballero Reserves,Club Libertad Asunción Reserves,,,,1,0,1
07-09-25,12:50,,Tottenham Hotspur FC vs West Ham United FC Women,Tottenham Hotspur FC,West Ham United FC Women,,,,0,0,0
07-09-25,12:50,,Zfk Jagodina vs ZFK Karadorde,Zfk Jagodina,ZFK Karadorde,,,,0,0,0
07-09-25,12:50,,Zfk Pozarevac vs ZFK Prave Dame,Zfk Pozarevac,ZFK Prave Dame,,,,0,1,1
07-09-25,12:50,,FC Espoo vs Nurmijarven Jalkapalloseura,FC Espoo,Nurmijarven Jalkapalloseura,,,,1,0,1
07-09-25,12:50,,Grenoble Foot 38 vs Saint Malo,Grenoble Foot 38,Saint Malo,,,,0,0,0
07-09-25,12:50,,Le Mans FC vs Toulouse FC,Le Mans FC,Toulouse FC,,,,1,0,1
07-09-25,12:59,,CD Marino vs UD San Fernando,CD Marino,UD San Fernando,,,,0,1,1
07-09-25,12:59,,Brighton and Hove Albion WFC vs Aston Villa WFC,Brighton and Hove Albion WFC,Aston Villa WFC,,,,0,0,0
07-09-25,13:46,,RC Celta Fortuna vs CD Guadalajara,RC Celta Fortuna,CD Guadalajara,,,,0,0,0
07-09-25,13:46,,NoPS vs FC Inter Turku,NoPS,FC Inter Turku,,,,0,0,0
07-09-25,14:11,,Heart of Midlothian WFC vs Hibernian LFC,Heart of Midlothian WFC,Hibernian LFC,,,,0,0,0
07-09-25,14:30,,PEC Zwolle vs FC Utrecht,PEC Zwolle,FC Utrecht,,,,0,0,0
07-09-25,14:30,,Spartak Moscow vs Zhfk Krylya Sovetov Samara,Spartak Moscow,Zhfk Krylya Sovetov Samara,,,,0,0,0
07-09-25,14:30,,Mighty Wanderers Queens vs Silver Strikers Ladies,Mighty Wanderers Queens,Silver Strikers Ladies,,,,0,1,1
07-09-25,14:40,,Desportivo Da Matola vs Ferroviario de Maputo,Desportivo Da Matola,Ferroviario de Maputo,,,,0,0,0
07-09-25,14:49,,Triestina Calcio 1918 vs ACD Ospitaletto,Triestina Calcio 1918,ACD Ospitaletto,,,,1,0,1
07-09-25,14:49,,AC Este vs Obermais,AC Este,Obermais,,,,1,0,1
07-09-25,14:49,,Usd Adriese 1906 vs Luparense FC,Usd Adriese 1906,Luparense FC,,,,0,0,0
07-09-25,14:49,,Colon FC vs Rampla Juniors,Colon FC,Rampla Juniors,,,,1,0,1
07-09-25,14:49,,Rodina Moscow vs FC Yenisey Krasnoyarsk,Rodina Moscow,FC Yenisey Krasnoyarsk,,,,1,0,1
07-09-25,14:49,,FC Amkar Perm vs Khimik Dzerzhinsk,FC Amkar Perm,Khimik Dzerzhinsk,,,,0,1,1
07-09-25,14:49,,FC Orenburg-2 vs FC Volna Nizhny Novgorod Oblast,FC Orenburg-2,FC Volna Nizhny Novgorod Oblast,,,,1,0,1
07-09-25,14:49,,12 de Junio de Villa Hayes vs Sportivo San Lorenzo,12 de Junio de Villa Hayes,Sportivo San Lorenzo,,,,0,1,1
07-09-25,14:49,,Sol de America Villa Elisa vs Club River Plate Asuncion,Sol de America Villa Elisa,Club River Plate Asuncion,,,,1,0,1
07-09-25,14:49,,AA Francana SP vs GD Prudente SP,AA Francana SP,GD Prudente SP,,,,0,0,0
07-09-25,14:49,,Mogadishu City vs Kator FC,Mogadishu City,Kator FC,,,,0,0,0
07-09-25,14:49,,Anelia Saransk vs Lada Dimitrovgrad,Anelia Saransk,Lada Dimitrovgrad,,,,0,1,1
07-09-25,14:49,,C Chartres Football vs SM Caen,C Chartres Football,SM Caen,,,,0,1,1
07-09-25,14:49,,SC Schiltigheim U19 vs RC Strasbourg Alsace,SC Schiltigheim U19,RC Strasbourg Alsace,,,,0,1,1
07-09-25,14:49,,US Avranches MSM vs Stade Rennais FC,US Avranches MSM,Stade Rennais FC,,,,0,1,1
07-09-25,14:49,,Charlton Athletic vs Crystal Palace,Charlton Athletic,Crystal Palace,,,,0,0,0
07-09-25,14:49,,FC Zimbru Chisinau vs FC Nistru Cioburciu,FC Zimbru Chisinau,FC Nistru Cioburciu,,,,1,0,1
07-09-25,14:49,,KePS vs PonPa,KePS,PonPa,,,,0,1,1
07-09-25,14:49,,Coimbra Sports MG vs Inter de Minais MG,Coimbra Sports MG,Inter de Minais MG,,,,0,1,1
07-09-25,14:49,,Chipata City Council vs River Plate,Chipata City Council,River Plate,,,,1,0,1
07-09-25,14:49,,29 de Setiembre vs 24 de Setiembre,29 de Setiembre,24 de Setiembre,,,,1,0,1
07-09-25,14:49,,Drini I Bardhe vs KF Flamurtari,Drini I Bardhe,KF Flamurtari,,,,1,0,1
07-09-25,14:49,,Juventus Turin W vs Lazio Rome,Juventus Turin W,Lazio Rome,,,,0,0,0
07-09-25,14:49,,AA Portuguesa RJ vs Bangu AC RJ,AA Portuguesa RJ,Bangu AC RJ,,,,1,0,1
07-09-25,14:49,,America FC RJ vs Duque de Caxias FC RJ,America FC RJ,Duque de Caxias FC RJ,,,,1,0,1
07-09-25,14:59,,Vado FC vs SSD Sanremese Calcio,Vado FC,SSD Sanremese Calcio,,,,0,0,0
07-09-25,14:59,,Piacenza Calcio vs Desenzano Calvina,Piacenza Calcio,Desenzano Calvina,,,,0,0,0
07-09-25,14:59,,Vibonese Calcio vs Asd Paterno Calcio,Vibonese Calcio,Asd Paterno Calcio,,,,1,0,1
07-09-25,14:59,,FC Chernomorets Odessa vs FSK Mariupol,FC Chernomorets Odessa,FSK Mariupol,,,,0,0,0
07-09-25,14:59,,Thailand vs Iraq,Thailand,Iraq,,,,0,0,0
07-09-25,14:59,,Botafogo FC SP vs Gremio Novorizontino,Botafogo FC SP,Gremio Novorizontino,,,,1,0,1
07-09-25,14:59,,Aas Sarcelles U19 vs Paris FC,Aas Sarcelles U19,Paris FC,,,,0,1,1
07-09-25,14:59,,AFC Creil Ou AC Cambrai U19 vs US Quevilly-Rouen Metropole,AFC Creil Ou AC Cambrai U19,US Quevilly-Rouen Metropole,,,,0,0,0
07-09-25,14:59,,Estac Troyes vs AS Saint-Priest U19,Estac Troyes,AS Saint-Priest U19,,,,1,0,1
07-09-25,14:59,,Racing Club de France 92 vs LOSC Lille,Racing Club de France 92,LOSC Lille,,,,0,0,0
07-09-25,14:59,,SC Air Bel U19 vs Balma SC U19,SC Air Bel U19,Balma SC U19,,,,0,0,0
07-09-25,14:59,,Ezemvelo Womens FC vs University Fort Hare Ladies,Ezemvelo Womens FC,University Fort Hare Ladies,,,,0,1,1
07-09-25,14:59,,Cruzeiro FC DF vs Brasilia FC DF,Cruzeiro FC DF,Brasilia FC DF,,,,0,0,0
07-09-25,14:59,,Saudi Arabia U20 vs Iraq U20,Saudi Arabia U20,Iraq U20,,,,1,0,1
07-09-25,15:19,,Arnavutkoy Belediyesi Genclik Ve Spor vs 68 Aksaray Belediyespor,Arnavutkoy Belediyesi Genclik Ve Spor,68 Aksaray Belediyespor,,,,0,0,0
07-09-25,15:19,,Halide Edip Adivarspor vs Adana 1954 FK,Halide Edip Adivarspor,Adana 1954 FK,,,,0,0,0
07-09-25,15:19,,Akrites Sykeon vs PAOK Kristonis,Akrites Sykeon,PAOK Kristonis,,,,0,1,1
07-09-25,15:19,,AO Rethymniakos vs Granitis FC,AO Rethymniakos,Granitis FC,,,,0,0,0
07-09-25,15:19,,Doxa Dramas vs Apollon Paralimniou FC,Doxa Dramas,Apollon Paralimniou FC,,,,1,0,1
07-09-25,15:19,,Proodos Rogon 1966 vs Tilikratis FC,Proodos Rogon 1966,Tilikratis FC,,,,0,1,1
07-09-25,15:19,,Thermaikos Thermis vs Poseidonas Michanionas,Thermaikos Thermis,Poseidonas Michanionas,,,,0,0,0
07-09-25,15:19,,Thyella Patras vs Aris Patron,Thyella Patras,Aris Patron,,,,1,0,1
07-09-25,15:19,,FC 93 Bobigny BG U19 vs Dijon FCO,FC 93 Bobigny BG U19,Dijon FCO,,,,0,0,0
07-09-25,15:33,,ASD Real Acerrana 1926 vs AC Martina,ASD Real Acerrana 1926,AC Martina,,,,0,0,0
07-09-25,15:33,,AE Malesinas vs PAS Lamia 1964,AE Malesinas,PAS Lamia 1964,,,,0,0,0
07-09-25,15:33,,AO Neas Artakis vs Amarinthiakos,AO Neas Artakis,Amarinthiakos,,,,1,0,1
07-09-25,15:33,,AO Xanthi FC vs Orestis Orestiadas,AO Xanthi FC,Orestis Orestiadas,,,,1,0,1
07-09-25,15:33,,Apollon Kalamarias vs Kilkisiakos,Apollon Kalamarias,Kilkisiakos,,,,0,0,0
07-09-25,15:33,,Kyanous Asteras Varis vs AO Mikrasiatikos,Kyanous Asteras Varis,AO Mikrasiatikos,,,,0,1,1
07-09-25,15:33,,Neas Ionias vs AO Karystou,Neas Ionias,AO Karystou,,,,0,0,0
07-09-25,15:52,,Royal Knokke FC vs Lommel SK,Royal Knokke FC,Lommel SK,,,,0,0,0
07-09-25,15:52,,CA Cerro vs Cerro Largo FC,CA Cerro,Cerro Largo FC,,,,0,0,0
07-09-25,15:52,,CA Osasuna B vs Ourense CF,CA Osasuna B,Ourense CF,,,,0,1,1
07-09-25,15:52,,Assyriska FF vs IF Karlstad Fotbol,Assyriska FF,IF Karlstad Fotbol,,,,1,0,1
07-09-25,15:52,,Ariana FC vs Skovde AIK,Ariana FC,Skovde AIK,,,,0,0,0
07-09-25,15:52,,FC Kamaz Naberezhnye Chelny vs Torpedo Moscow,FC Kamaz Naberezhnye Chelny,Torpedo Moscow,,,,0,0,0
07-09-25,15:52,,FC Shinnik Yaroslavl vs FC Volga Ulyanovsk,FC Shinnik Yaroslavl,FC Volga Ulyanovsk,,,,0,0,0
07-09-25,15:52,,FBK Karlstad vs Motala AIF FK,FBK Karlstad,Motala AIF FK,,,,0,1,1
07-09-25,15:52,,Falu BS FK vs Ytterhogdals IK,Falu BS FK,Ytterhogdals IK,,,,0,0,0
07-09-25,15:52,,FC Jarfalla vs FC Gute,FC Jarfalla,FC Gute,,,,0,1,1
07-09-25,15:52,,Luka Nad Jihlavou vs FC Zdas Zdar Nad Sazavou B,Luka Nad Jihlavou,FC Zdas Zdar Nad Sazavou B,,,,1,0,1
07-09-25,15:52,,Altinordu FK vs 24Erzincanspor,Altinordu FK,24Erzincanspor,,,,0,0,0
07-09-25,15:52,,Bursa Yildirim Spor vs Fethiye Idman Yurdu,Bursa Yildirim Spor,Fethiye Idman Yurdu,,,,1,0,1
07-09-25,15:52,,Ayvalikgucu Belediyespor vs Nazilli Belediyespor,Ayvalikgucu Belediyespor,Nazilli Belediyespor,,,,1,0,1
07-09-25,15:52,,IK Start vs Aasane,IK Start,Aasane,,,,0,1,1
07-09-25,15:52,,FK Podkonice vs MSK Fomat Martin,FK Podkonice,MSK Fomat Martin,,,,1,0,1
07-09-25,15:52,,MFK Snina vs MSK Tesla Stropkov,MFK Snina,MSK Tesla Stropkov,,,,0,0,0
07-09-25,15:52,,Ofk-Sim Raslavice vs FC Kosice II,Ofk-Sim Raslavice,FC Kosice II,,,,0,1,1
07-09-25,15:52,,TJ Banik Kalinovo vs FK Dukla Banska Bystrica B,TJ Banik Kalinovo,FK Dukla Banska Bystrica B,,,,0,1,1
07-09-25,15:52,,Zdar Nad Sazavou vs TJ Tatran Bohunice,Zdar Nad Sazavou,TJ Tatran Bohunice,,,,0,1,1
07-09-25,15:52,,FK Kozlovice vs Tj Sokol Lanzhot,FK Kozlovice,Tj Sokol Lanzhot,,,,0,0,0
07-09-25,15:52,,NK Radnik Krizevci vs NK Segesta,NK Radnik Krizevci,NK Segesta,,,,0,0,0
07-09-25,15:52,,Debreceni Eac vs Tiszaujvaros,Debreceni Eac,Tiszaujvaros,,,,1,0,1
07-09-25,15:52,,FC Tatabanya vs Zsambeki SK,FC Tatabanya,Zsambeki SK,,,,0,0,0
07-09-25,15:52,,Fuzesabony SC Eross Ut vs Tarpa SC,Fuzesabony SC Eross Ut,Tarpa SC,,,,0,1,1
07-09-25,15:52,,Godolloi SK vs Cigand SE,Godolloi SK,Cigand SE,,,,0,1,1
07-09-25,15:52,,Monori SE vs Dabas FC,Monori SE,Dabas FC,,,,1,0,1
07-09-25,15:52,,Mosonmagyarovari TE vs Puskas Akademia FC II,Mosonmagyarovari TE,Puskas Akademia FC II,,,,0,0,0
07-09-25,15:52,,Senyo Carnifex FC vs Diosgyori Vtk II,Senyo Carnifex FC,Diosgyori Vtk II,,,,1,0,1
07-09-25,15:52,,FK Radnicki Pirot vs FK Rudar 2016,FK Radnicki Pirot,FK Rudar 2016,,,,0,0,0
07-09-25,16:01,,Burgos CF vs Las Palmas,Burgos CF,Las Palmas,,,,0,0,0
07-09-25,16:01,,Vigor Lamezia vs ASD Citta di Acireale 1946,Vigor Lamezia,ASD Citta di Acireale 1946,,,,0,0,0
07-09-25,16:01,,FC Egg vs SV Lochau,FC Egg,SV Lochau,,,,1,0,1
07-09-25,16:01,,Celtic LFC vs Rangers LFC,Celtic LFC,Rangers LFC,,,,0,0,0
07-09-25,16:01,,BKV Elore vs Szegedi Vasutas SE,BKV Elore,Szegedi Vasutas SE,,,,0,1,1
07-09-25,16:01,,Palestino vs Universidad de Chile,Palestino,Universidad de Chile,,,,0,1,1
07-09-25,16:01,,FK Vlasina Vlasotince vs FK Timok 1919 Zajecar,FK Vlasina Vlasotince,FK Timok 1919 Zajecar,,,,1,0,1
07-09-25,16:01,,Lokomotiv Plovdiv II vs Spartak Plovdiv,Lokomotiv Plovdiv II,Spartak Plovdiv,,,,0,0,0
07-09-25,16:01,,Slavia Sofia II vs FC Bansko,Slavia Sofia II,FC Bansko,,,,0,0,0
07-09-25,16:25,,US Citta Di Fasano vs Afragolese 1944,US Citta Di Fasano,Afragolese 1944,,,,1,0,1
07-09-25,16:25,,FK Fap vs FK Trayal Krusevac,FK Fap,FK Trayal Krusevac,,,,1,0,1
07-09-25,16:25,,CD Galapagar vs AD Torrejon CF,CD Galapagar,AD Torrejon CF,,,,1,0,1
07-09-25,16:25,,NK Croatia Zmijavci vs NK Sesvete,NK Croatia Zmijavci,NK Sesvete,,,,0,0,0
07-09-25,16:25,,FK Buducnost Banovici vs FK Radnik Hadzici,FK Buducnost Banovici,FK Radnik Hadzici,,,,0,0,0
07-09-25,16:25,,NK Bratstvo Gracanica vs FK Tuzla City,NK Bratstvo Gracanica,FK Tuzla City,,,,0,0,0
07-09-25,16:25,,HK/Ymir U19 vs KA/Dalv/KF/Hott/Ham U19,HK/Ymir U19,KA/Dalv/KF/Hott/Ham U19,,,,0,1,1
07-09-25,16:25,,Zn Maribor vs Znk Aluminij,Zn Maribor,Znk Aluminij,,,,1,0,1
07-09-25,16:25,,Zfk Vojvodina vs ZFK Partizan-Sloga,Zfk Vojvodina,ZFK Partizan-Sloga,,,,0,0,0
07-09-25,16:25,,NK Smartno 1928 vs NK Korotan,NK Smartno 1928,NK Korotan,,,,0,0,0
07-09-25,16:25,,FK Mladi Radnik 1940 Radinac vs FK Zlatibor Cajetina,FK Mladi Radnik 1940 Radinac,FK Zlatibor Cajetina,,,,0,1,1
07-09-25,16:25,,Dundee United WFC Women vs Kilmarnock FC Women,Dundee United WFC Women,Kilmarnock FC Women,,,,1,0,1
07-09-25,16:53,,Enyimba vs Nasarawa United,Enyimba,Nasarawa United,,,,0,0,0
07-09-25,16:53,,Niger Tornadoes FC vs Bayelsa United FC,Niger Tornadoes FC,Bayelsa United FC,,,,1,0,1
07-09-25,16:53,,Remo Stars vs Warri Wolves FC,Remo Stars,Warri Wolves FC,,,,0,0,0
07-09-25,16:53,,SD Logrones vs SD Eibar B,SD Logrones,SD Eibar B,,,,1,0,1
07-09-25,16:53,,FK Varnsdorf vs SK Sokol Brozany,FK Varnsdorf,SK Sokol Brozany,,,,1,0,1
07-09-25,16:53,,SK Rakovnik vs Tj Sokol Nespeky,SK Rakovnik,Tj Sokol Nespeky,,,,1,0,1
07-09-25,16:53,,Al-Ahly Amman vs Al Baqaa,Al-Ahly Amman,Al Baqaa,,,,0,0,0
07-09-25,16:53,,RC Deportivo La Coruna B vs Madrid Cff B,RC Deportivo La Coruna B,Madrid Cff B,,,,0,0,0
07-09-25,16:53,,FK Seko Louny vs FC Predni Kopanina,FK Seko Louny,FC Predni Kopanina,,,,1,0,1
07-09-25,16:53,,Rae Spordikool vs JK Tabasalu U21,Rae Spordikool,JK Tabasalu U21,,,,0,0,0
07-09-25,16:53,,Asko ST. Michael/BL vs St Andra/Lav,Asko ST. Michael/BL,St Andra/Lav,,,,1,0,1
07-09-25,16:53,,Dunaujvaros Palhalma Agrospecial SE vs FC Nagykanizsai,Dunaujvaros Palhalma Agrospecial SE,FC Nagykanizsai,,,,0,0,0
07-09-25,16:53,,Pecsi MFC vs Balatonlelle,Pecsi MFC,Balatonlelle,,,,0,0,0
07-09-25,17:11,,Kwara United vs Kun Khalifat FC,Kwara United,Kun Khalifat FC,,,,1,0,1
07-09-25,17:33,,AS Giana Erminio vs Pro Patria Busto Arsizio,AS Giana Erminio,Pro Patria Busto Arsizio,,,,1,0,1
07-09-25,17:33,,LR Vicenza vs FC Arzignano Valchiampo,LR Vicenza,FC Arzignano Valchiampo,,,,0,1,1
07-09-25,17:33,,CD Antofagasta vs Santiago Morning,CD Antofagasta,Santiago Morning,,,,1,0,1
07-09-25,17:33,,Asd Pineto Calcio vs US Citta Di Pontedera,Asd Pineto Calcio,US Citta Di Pontedera,,,,0,0,0
07-09-25,17:33,,Crotone vs Cosenza Calcio,Crotone,Cosenza Calcio,,,,0,0,0
07-09-25,17:33,,Jac D Angre vs Agir FC,Jac D Angre,Agir FC,,,,0,0,0
07-09-25,17:33,,Sassuolo Calcio vs Ternana,Sassuolo Calcio,Ternana,,,,0,0,0
07-09-25,17:53,,North Macedonia vs Liechtenstein,North Macedonia,Liechtenstein,,,,1,0,1
07-09-25,17:53,,UP Langreo vs Coruxo FC,UP Langreo,Coruxo FC,,,,0,0,0
07-09-25,17:53,,AD Cantolao vs CDU San Martin,AD Cantolao,CDU San Martin,,,,0,0,0
07-09-25,17:53,,Shelbourne FC vs Galway United FC,Shelbourne FC,Galway United FC,,,,0,0,0
07-09-25,17:53,,CF Noia vs CD Lugo B,CF Noia,CD Lugo B,,,,1,0,1
07-09-25,17:53,,CD Cieza vs UD Caravaca,CD Cieza,UD Caravaca,,,,0,0,0
07-09-25,17:53,,CD Derio vs CD San Ignacio,CD Derio,CD San Ignacio,,,,1,0,1
07-09-25,17:53,,Cerdanyola del Valles vs CF Montanesa,Cerdanyola del Valles,CF Montanesa,,,,0,1,1
07-09-25,17:53,,CD Soneja vs UD Alzira,CD Soneja,UD Alzira,,,,0,1,1
07-09-25,17:53,,CD Guijuelo vs CD Atletico Mansilles,CD Guijuelo,CD Atletico Mansilles,,,,1,0,1
07-09-25,17:53,,Hapoel Hadera FC vs Hapoel Acre FC,Hapoel Hadera FC,Hapoel Acre FC,,,,0,0,0
07-09-25,17:53,,Hapoel Kfar Saba FC vs Bnei Yehuda Tel Aviv FC,Hapoel Kfar Saba FC,Bnei Yehuda Tel Aviv FC,,,,0,0,0
07-09-25,17:53,,Hapoel Kfar Shalem FC vs Hapoel Afula FC,Hapoel Kfar Shalem FC,Hapoel Afula FC,,,,1,0,1
07-09-25,17:53,,Icel Idmanyurdu Spor vs Bursaspor,Icel Idmanyurdu Spor,Bursaspor,,,,0,1,1
07-09-25,17:53,,Honduras Progreso vs Atletico Junior,Honduras Progreso,Atletico Junior,,,,1,0,1
07-09-25,18:09,,Atletico Sanluqueno vs CE Sabadell FC,Atletico Sanluqueno,CE Sabadell FC,,,,0,1,1
07-09-25,18:09,,CD Arenteiro vs Unionistas de Salamanca CF,CD Arenteiro,Unionistas de Salamanca CF,,,,0,0,0
07-09-25,18:25,Spain LaLiga 2,Cultural Leonesa vs Leganes,Cultural Leonesa,Leganes,2.85,3.1,2.55,0,0,0
07-09-25,18:25,,Real Murcia CF vs Juventud Torremolinos CF,Real Murcia CF,Juventud Torremolinos CF,,,,1,0,1
07-09-25,18:25,"Spain Amateur Tercera Federacion, Group 13",Olimpico Totana vs Atletico Santa Cruz,Olimpico Totana,Atletico Santa Cruz,2.2,3.1,3.1,0,0,0
07-09-25,18:25,"Spain Amateur Tercera Federacion, Group 6",Atletico Saguntino vs CD Utiel,Atletico Saguntino,CD Utiel,2.4,2.9,2.95,1,0,1
07-09-25,18:25,"Spain Amateur Tercera Federacion, Group 7",CF Trival Valderas Alcoron vs AD Parla,CF Trival Valderas Alcoron,AD Parla,2.1,3.25,3.2,1,0,1
07-09-25,18:25,,MS Tira vs Maccabi Neve Shaanan Eldad,MS Tira,Maccabi Neve Shaanan Eldad,,,,1,0,1
07-09-25,18:25,Germany Amateur Women Bundesliga,FC Union Berlin vs 1. FC Nuremberg,FC Union Berlin,1. FC Nuremberg,1.46,4.3,5.5,1,0,1
07-09-25,18:45,"Spain Amateur Tercera Federacion, Group 10",Bollullos CF vs Club Atletico Central,Bollullos CF,Club Atletico Central,2.3,2.9,3.1,0,0,0
07-09-25,18:54,Spain Segunda Federacion,CD Alcoyano vs Valencia CF Mestalla,CD Alcoyano,Valencia CF Mestalla,1.84,3.1,3.8,0,1,1
07-09-25,18:54,Spain Segunda Federacion,CD Tudelano vs SD Beasain,CD Tudelano,SD Beasain,2.2,2.9,3.0,0,1,1
07-09-25,18:54,"Spain Amateur Tercera Federacion, Group 1",Arosa SC vs Silva SD,Arosa SC,Silva SD,1.67,3.4,4.8,1,0,1
07-09-25,18:54,"Spain Amateur Tercera Federacion, Group 10",CD San Roque de Lepe vs Coria CF,CD San Roque de Lepe,Coria CF,1.99,3.0,3.75,0,0,0
07-09-25,18:54,"Spain Amateur Tercera Federacion, Group 10",UD Tomares vs Castilleja CF,UD Tomares,Castilleja CF,1.73,3.2,4.9,0,0,0
07-09-25,18:54,"Spain Amateur Tercera Federacion, Group 11",CD Binissalem vs CE Santanyi,CD Binissalem,CE Santanyi,2.35,2.85,3.1,1,0,1
07-09-25,18:54,"Spain Amateur Tercera Federacion, Group 14",Cp Montehermoso vs CF Jaraiz,Cp Montehermoso,CF Jaraiz,3.1,3.2,2.15,0,1,1
07-09-25,18:54,"Spain Amateur Tercera Federacion, Group 18",CD Pedroneras vs CF La Solana,CD Pedroneras,CF La Solana,1.97,2.95,3.9,0,1,1
07-09-25,18:54,"Spain Amateur Tercera Federacion, Group 5",CE Europa B vs UE Vilassar de Mar,CE Europa B,UE Vilassar de Mar,1.85,3.33,3.9,0,1,1
07-09-25,18:54,"Spain Amateur Tercera Federacion, Group 5",FE Grama vs FC L Escala,FE Grama,FC L Escala,2.05,3.1,3.33,0,1,1
07-09-25,18:54,"Spain Amateur Tercera Federacion, Group 7",Atletico Madrid C vs RCD Carabanchel,Atletico Madrid C,RCD Carabanchel,1.73,3.4,4.4,1,0,1
07-09-25,18:54,Israel Liga Alef,Maccabi Ironi Ashdod FC vs Maccabi Y.,Maccabi Ironi Ashdod FC,Maccabi Y.,3.1,3.0,2.35,0,1,1
07-09-25,18:54,Israel Liga Alef,Maccabi Ironi Kiryat Malakhi vs Hapoel Nir Ramat Hasharon FC,Maccabi Ironi Kiryat Malakhi,Hapoel Nir Ramat Hasharon FC,1.64,4.4,4.2,0,0,0
07-09-25,18:54,Guatemala Liga Nacional. Apertura,Aurora FC vs CD Malacateco,Aurora FC,CD Malacateco,2.05,3.1,3.6,1,0,1
07-09-25,18:54,,Monjas FC vs Palencia FC,Monjas FC,Palencia FC,,,,1,0,1
07-09-25,18:54,Turkiye Amateur 2. Lig,Muglaspor vs Tuzlaspor,Muglaspor,Tuzlaspor,1.66,3.4,5.0,0,0,0
07-09-25,18:54,International Youth U20 Friendly Games,Morocco vs USA,Morocco,USA,4.0,4.3,1.68,0,0,0
07-09-25,18:54,Iceland U19 League,Throttur/SR U19 vs Thor/THK/Volsungur U19,Throttur/SR U19,Thor/THK/Volsungur U19,4.1,4.75,1.55,0,1,1
07-09-25,18:54,Spain Primera Division Women,Levante UD vs Alhama CF,Levante UD,Alhama CF,1.69,3.5,4.4,0,0,0
07-09-25,18:54,Guatemala Primera Division,Deportivo Nueva Concepcion vs Huehuetecos FC,Deportivo Nueva Concepcion,Huehuetecos FC,1.5,3.5,6.8,1,0,1
07-09-25,18:54,,AL Arabi Doha U23 vs Umm Salal U23,AL Arabi Doha U23,Umm Salal U23,,,,0,0,0
07-09-25,18:54,Qatar U23 Olympic League,AL Rayyan U23 vs AL Duhail U23,AL Rayyan U23,AL Duhail U23,2.45,3.2,2.45,1,0,1
07-09-25,18:54,Qatar U23 Olympic League,AL Sadd U23 vs AL Gharafa U23,AL Sadd U23,AL Gharafa U23,2.45,3.2,2.45,0,0,0
07-09-25,19:16,Argentina Primera Nacional,Gimnasia Y Esgrima Mendoza vs Gimnasia y Esgrima de Jujuy,Gimnasia Y Esgrima Mendoza,Gimnasia y Esgrima de Jujuy,1.92,2.75,5.1,0,0,0
07-09-25,19:16,"Spain Amateur Tercera Federacion, Group 9",CF Motril vs CD Huetor Tajar,CF Motril,CD Huetor Tajar,1.75,3.2,4.7,1,0,1
07-09-25,19:16,"Costa Rica Primera Division, Women",Moravia vs Chorotega FC,Moravia,Chorotega FC,2.8,3.4,2.35,1,0,1
07-09-25,19:38,"Brazil Carioca, Serie B1",Campo Grande AC RJ vs Serrano FC RJ,Campo Grande AC RJ,Serrano FC RJ,3.1,2.8,2.4,0,1,1
07-09-25,19:50,Chile Primera Division,Cobresal vs CD Palestino,Cobresal,CD Palestino,2.55,3.33,2.6,1,0,1
07-09-25,19:50,Argentina Torneo Federal A,Costa Brava de General Pico vs Kimberley de Mar Del Plata,Costa Brava de General Pico,Kimberley de Mar Del Plata,1.79,3.1,5.0,0,0,0
07-09-25,19:50,Chile Primera B,CD Santa Cruz vs Deportes Magallanes,CD Santa Cruz,Deportes Magallanes,2.4,3.2,2.9,0,1,1
07-09-25,19:50,Serbia Prva Liga,FK Vozdovac Belgrade vs FK Tekstilac Odzaci,FK Vozdovac Belgrade,FK Tekstilac Odzaci,1.44,3.7,6.0,1,0,1
07-09-25,19:50,"Argentina Primera LPF, Reserves",Independiente Rivadavia de Mendoza Reserve vs CD Godoy Cruz,Independiente Rivadavia de Mendoza Reserve,CD Godoy Cruz,2.25,3.2,2.7,1,0,1
07-09-25,19:50,"Argentina Primera LPF, Reserves",San Lorenzo de Almagro Res. vs CA Huracan,San Lorenzo de Almagro Res.,CA Huracan,1.98,3.1,3.33,0,1,1
07-09-25,19:50,Croatia Prva NL,HNK Cibalia Vinkovci vs NK Opatija,HNK Cibalia Vinkovci,NK Opatija,2.25,3.0,3.0,0,1,1
07-09-25,19:50,Brazil Copa Paulista,Comercial FC SP vs Sao Jose EC SP,Comercial FC SP,Sao Jose EC SP,3.9,2.4,2.45,0,0,0
07-09-25,19:50,,Shabab AL Ordun vs AL Faisaly (Jor),Shabab AL Ordun,AL Faisaly (Jor),,,,0,0,0
07-09-25,19:50,,Camboriu FC SC vs CA Tubarao SC,Camboriu FC SC,CA Tubarao SC,,,,0,0,0
07-09-25,19:50,"Brazil Gaucho, Women",EC Juventude RS vs SC Internacional RS,EC Juventude RS,SC Internacional RS,5.3,3.9,1.46,0,0,0
07-09-25,19:50,Mexico Liga Premier Serie A,Montaneses FC vs Jaguares FC,Montaneses FC,Jaguares FC,1.98,3.4,3.33,0,0,0
07-09-25,19:50,"El Salvador Primera Division, Reserves, Apertura",CD Aguila U20 vs CD Cacahuatique U20,CD Aguila U20,CD Cacahuatique U20,1.65,4.6,3.6,0,1,1
07-09-25,19:59,,Colomba FC vs CD Chiantla,Colomba FC,CD Chiantla,,,,0,0,0
07-09-25,19:59,,Blumenau EC SC vs Joinville EC SC,Blumenau EC SC,Joinville EC SC,,,,1,0,1
07-09-25,19:59,"El Salvador Primera Division, Reserves, Apertura",CD Fuerte San Francisco U20 vs AD Isidro Metapan U20,CD Fuerte San Francisco U20,AD Isidro Metapan U20,2.7,3.5,2.3,1,0,1
07-09-25,19:59,,Union Espanola vs Universidad Catolica,Union Espanola,Universidad Catolica,,,,0,0,0
07-09-25,19:59,Chile Segunda Division,General Velasquez vs Puerto Montt,General Velasquez,Puerto Montt,4.75,3.5,1.65,0,0,0
07-09-25,20:17,"Italy Serie C, Group B",US Livorno 1915 vs Guidonia Montecelio 1937 FC,US Livorno 1915,Guidonia Montecelio 1937 FC,1.74,3.4,4.75,0,0,0
07-09-25,20:17,"Italy Serie C, Group C",Latina Calcio vs AZ Picerno,Latina Calcio,AZ Picerno,3.2,3.0,2.3,0,1,1
07-09-25,20:17,,Jacioba AC AL vs EC Guarany AL,Jacioba AC AL,EC Guarany AL,,,,1,0,1
07-09-25,20:17,"Italy Serie A Cup, Women",Fcf Como vs Genoa Women,Fcf Como,Genoa Women,1.52,4.25,4.8,1,0,1
07-09-25,20:26,Argentina Torneo Federal A,CA Bartolome Mitre vs Linqueno,CA Bartolome Mitre,Linqueno,1.96,3.1,4.0,1,0,1
07-09-25,20:26,Argentina Torneo Federal A,Sp. Belgrano de S. F. vs CA Sarmiento de la Banda,Sp. Belgrano de S. F.,CA Sarmiento de la Banda,1.84,3.1,4.8,0,0,0
07-09-25,20:26,Argentina Torneo Federal A,Sportivo General San Martin vs Gimnasia de Chivilcoy,Sportivo General San Martin,Gimnasia de Chivilcoy,1.73,3.25,5.1,1,0,1
07-09-25,20:26,Uruguay Segunda Division,CA Rentistas vs Tacuarembo FC,CA Rentistas,Tacuarembo FC,2.1,3.1,3.33,0,0,0
07-09-25,20:26,Argentina Primera C,Argentino de Rosario vs CA Atlas,Argentino de Rosario,CA Atlas,1.58,3.8,5.75,0,0,0
07-09-25,20:26,"Italy Serie C, Group B",Sambenedettese vs Forli FC,Sambenedettese,Forli FC,2.3,3.1,3.1,0,0,0
07-09-25,20:26,"Italy Serie C, Group C",Asd Team Altamura vs Cavese 1919,Asd Team Altamura,Cavese 1919,2.7,3.0,2.7,1,0,1
07-09-25,20:26,"Italy Serie C, Group C",Audace Cerignola vs SIRACUSA,Audace Cerignola,SIRACUSA,1.6,3.7,5.4,0,0,0
07-09-25,20:26,,Magallanes Women vs Deportes Temuco Women,Magallanes Women,Deportes Temuco Women,,,,0,0,0
07-09-25,20:26,"Brazil Goiano, 3. Divisao",Santa Helena GO vs Aparecida EC GO,Santa Helena GO,Aparecida EC GO,1.48,3.5,6.1,1,0,1
07-09-25,20:36,International World Cup Qualification UEFA,Luxembourg vs Slovakia,Luxembourg,Slovakia,5.1,3.4,1.78,0,0,0
07-09-25,20:45,Argentina Torneo Federal A,Sportivo Las Parejas vs Club Sportivo Ben Hur,Sportivo Las Parejas,Club Sportivo Ben Hur,1.79,3.25,4.6,1,0,1
07-09-25,20:54,"Colombia Primera A, Clausura",Envigado FC vs Aguilas Doradas Rionegro,Envigado FC,Aguilas Doradas Rionegro,2.95,2.9,2.6,0,1,1
07-09-25,20:54,Argentina Torneo Federal A,Huracan Las Heras vs CD Santamarina Tandil,Huracan Las Heras,CD Santamarina Tandil,2.1,2.95,3.8,0,1,1
07-09-25,20:54,,Deportes Naval de Talcahuano vs Quintero Unido FC,Deportes Naval de Talcahuano,Quintero Unido FC,,,,0,1,1
07-09-25,20:54,Guatemala Primera Division,CD Suchitepequez vs Deportivo Coatepeque,CD Suchitepequez,Deportivo Coatepeque,1.41,3.9,7.6,0,0,0
07-09-25,21:13,USA National Womens Soccer League,Chicago Red Stars vs Orlando Pride,Chicago Red Stars,Orlando Pride,3.8,3.6,1.78,0,0,0
07-09-25,21:29,Argentina Torneo Federal A,Sportivo Y Biblioteca Atenas vs Cipolletti,Sportivo Y Biblioteca Atenas,Cipolletti,2.4,2.8,3.25,0,0,0
07-09-25,21:29,Argentina Primera Nacional,Deportivo Madryn vs Club Atletico Los Andes,Deportivo Madryn,Club Atletico Los Andes,1.63,3.3,6.2,0,0,0
07-09-25,21:29,Venezuela Segunda Division,Monagas SC B vs Bolivar SC,Monagas SC B,Bolivar SC,2.95,3.4,2.1,1,0,1
07-09-25,21:29,Venezuela Segunda Division,Trujillanos FC vs Barquisimeto SC,Trujillanos FC,Barquisimeto SC,1.77,2.9,5.3,1,0,1
07-09-25,21:29,Brazil Brasileiro Serie C,Floresta EC CE vs SER Caxias do Sul,Floresta EC CE,SER Caxias do Sul,2.5,2.75,3.2,0,0,0
07-09-25,21:29,Bolivia Copa Division Profesional,CD Real Tomayapo vs Guabira Montero,CD Real Tomayapo,Guabira Montero,2.55,3.4,2.4,1,0,1
07-09-25,21:29,,Perez Zeledon vs LD Alajuelense,Perez Zeledon,LD Alajuelense,,,,0,1,1
07-09-25,21:50,Venezuela Segunda Division,Angostura FC vs Mineros de Guayana,Angostura FC,Mineros de Guayana,2.95,3.1,2.25,1,0,1
07-09-25,21:50,Jamaica Premier League,Treasure Beach FC vs Molynes,Treasure Beach FC,Molynes,2.15,3.33,3.1,0,0,0
07-09-25,21:50,Peru Liga Femenina,Club Alianza Lima vs CD Universidad Cesar Vallejo,Club Alianza Lima,CD Universidad Cesar Vallejo,1.01,13.5,55.0,0,0,0
07-09-25,22:00,Argentina Primera Nacional,Central Norte Salta vs Agropecuario Argentino,Central Norte Salta,Agropecuario Argentino,2.25,2.85,3.5,0,0,0
07-09-25,22:20,"Costa Rica Primera Division, Women",Dimas Escazu vs LD Alajuelense,Dimas Escazu,LD Alajuelense,4.7,4.3,1.58,0,0,0
07-09-25,22:32,Chile Primera B,Deportes Concepcion vs CD Cobreloa Calama,Deportes Concepcion,CD Cobreloa Calama,2.45,3.0,2.95,1,0,1
07-09-25,22:50,Argentina Primera Nacional,Racing de Cordoba vs CA Patronato Parana,Racing de Cordoba,CA Patronato Parana,2.2,2.85,3.6,0,0,0
07-09-25,22:50,"Panama Liga Panamena, Clausura",Herrera FC vs Tauro FC,Herrera FC,Tauro FC,4.0,2.95,1.96,1,0,1
07-09-25,22:50,Venezuela Segunda Division,CS Maritimo de la Guaira vs Deportivo Miranda,CS Maritimo de la Guaira,Deportivo Miranda,2.0,3.2,3.5,0,0,0
07-09-25,22:50,"El Salvador Primera Division, Apertura",CD Fuerte San Francisco Morazan vs AD Isidro Metapan,CD Fuerte San Francisco Morazan,AD Isidro Metapan,4.0,3.0,1.94,0,0,0
07-09-25,22:50,"El Salvador Primera Division, Apertura",Zacatecoluca FC vs Alianza FC San Salvador,Zacatecoluca FC,Alianza FC San Salvador,4.5,2.85,1.91,0,1,1
07-09-25,22:50,,Motagua Reserves vs CD Real Espana Reserves,Motagua Reserves,CD Real Espana Reserves,,,,1,0,1
07-09-25,22:50,Guatemala Primera Division,Deportivo San Pedro vs Juventud Copalera,Deportivo San Pedro,Juventud Copalera,1.26,5.0,9.5,1,0,1
07-09-25,22:59,"Colombia Primera A, Clausura",America de Cali vs AD Cali,America de Cali,AD Cali,1.7,3.33,5.4,0,0,0
07-09-25,22:59,Guatemala Liga Nacional. Apertura,Deportivo Achuapa vs CSD Xelaju MC,Deportivo Achuapa,CSD Xelaju MC,2.5,2.8,3.1,1,0,1
07-09-25,22:59,,Club America Salcaja vs Barillas FC,Club America Salcaja,Barillas FC,,,,1,0,1
07-09-25,22:59,USA National Womens Soccer League,Gotham FC vs Angel City FC,Gotham FC,Angel City FC,1.67,3.5,4.6,0,1,1
07-09-25,22:59,Honduras Liga de Ascenso,Meluca FC vs CD Hondupino,Meluca FC,CD Hondupino,2.9,3.6,2.2,0,0,0
07-09-25,22:59,Guatemala Primera Division,Deportivo Carcha vs San Benito FC,Deportivo Carcha,San Benito FC,2.45,3.3,2.6,0,0,0
07-09-25,23:22,"Paraguay Primera Division Reserve, Apertura",Club 2 de Mayo Reserves vs Olimpia Asuncion Reserves,Club 2 de Mayo Reserves,Olimpia Asuncion Reserves,3.9,3.6,1.77,0,0,0
07-09-25,23:22,,Marathon Reserves vs Olimpia Reserves,Marathon Reserves,Olimpia Reserves,,,,0,0,0
07-09-25,23:53,Colombia Primera B,Real Cartagena FC vs Barranquilla FC,Real Cartagena FC,Barranquilla FC,1.29,5.1,9.0,0,0,0
07-09-25,23:53,Argentina Primera Nacional,CA Chaco For Ever vs Chacarita Juniors,CA Chaco For Ever,Chacarita Juniors,2.05,2.8,4.25,0,0,0
07-09-25,23:53,Brazil Brasileiro Serie C,Brusque FC SC vs Nautico PE,Brusque FC SC,Nautico PE,2.45,2.85,3.1,0,1,1
07-09-25,23:53,Brazil Brasileiro Serie D,America FC RN vs Santa Cruz FC PE,America FC RN,Santa Cruz FC PE,1.92,3.25,4.0,0,0,0
07-09-25,23:53,Mexico Liga Premier Serie A,Acatlan FC vs Tecos FC,Acatlan FC,Tecos FC,2.3,3.5,2.65,0,0,0
08-09-25,08:24,India Mizoram Premier League,Chanmari FC vs Mls FC Lawtngtlai,Chanmari FC,Mls FC Lawtngtlai,1.11,7.5,14.5,1,0,1
08-09-25,08:50,Simulated Reality League World Cup Qualifiers SRL,Belarus SRL vs Scotland SRL,Belarus SRL,Scotland SRL,6.69,4.0,1.54,0,0,0
08-09-25,08:50,Simulated Reality League World Cup Qualifiers SRL,Gibraltar SRL vs Faroe Islands SRL,Gibraltar SRL,Faroe Islands SRL,7.45,3.93,1.51,0,0,0
08-09-25,08:50,Simulated Reality League World Cup Qualifiers SRL,Greece SRL vs Denmark SRL,Greece SRL,Denmark SRL,2.4,3.19,3.12,1,0,1
08-09-25,09:52,Simulated Reality League World Cup Qualifiers SRL,Croatia SRL vs Montenegro SRL,Croatia SRL,Montenegro SRL,1.21,6.56,14.33,1,0,1
08-09-25,09:52,Simulated Reality League World Cup Qualifiers SRL,Israel SRL vs Italy SRL,Israel SRL,Italy SRL,7.19,4.73,1.43,0,0,0
08-09-25,09:52,Simulated Reality League World Cup Qualifiers SRL,Switzerland SRL vs Slovenia SRL,Switzerland SRL,Slovenia SRL,1.53,4.33,6.04,1,0,1
08-09-25,10:47,,Rakhine United FC U21 vs Thitsar Arman FC U21,Rakhine United FC U21,Thitsar Arman FC U21,,,,1,0,1
08-09-25,10:47,,Albania vs Kosovo,Albania,Kosovo,,,,0,0,0
08-09-25,10:58,,Thai Nguyen Women vs Ha Noi I Watabe Women,Thai Nguyen Women,Ha Noi I Watabe Women,,,,0,0,0
08-09-25,10:58,,Kachin United FC vs Myawady FC,Kachin United FC,Myawady FC,,,,0,1,1
08-09-25,11:24,India Mizoram Premier League,Aizawl FC vs Kanan FC Aizawl,Aizawl FC,Kanan FC Aizawl,1.18,6.2,11.0,1,0,1
08-09-25,11:42,,Adamas United Sa vs Kms Milan Bithee,Adamas United Sa,Kms Milan Bithee,,,,0,0,0
08-09-25,11:51,Republic of Korea WK-League,Incheon Hyundai Steel Red Angels vs Seoul City WFC,Incheon Hyundai Steel Red Angels,Seoul City WFC,2.2,3.25,2.7,0,1,1
08-09-25,11:51,Republic of Korea WK-League,Sejong Sportstoto WFC vs Changnyeong WFC,Sejong Sportstoto WFC,Changnyeong WFC,1.13,5.9,13.0,0,1,1
08-09-25,11:51,Republic of Korea WK-League,Suwon WFC vs Boeun Sangmu Wfc,Suwon WFC,Boeun Sangmu Wfc,2.4,3.33,2.4,0,1,1
08-09-25,11:51,,Rayon Sport Women vs Top Girls Academy Women,Rayon Sport Women,Top Girls Academy Women,,,,0,0,0
08-09-25,12:21,,FC Oleksandriya 2 vs FC Chernomorets-2 Odessa,FC Oleksandriya 2,FC Chernomorets-2 Odessa,,,,0,0,0
08-09-25,12:51,"Paraguay Primera Division Reserve, Clausura",Nacional Asuncion vs Deportivo Recoleta Reserve,Nacional Asuncion,Deportivo Recoleta Reserve,2.0,3.5,3.2,0,0,0
08-09-25,12:51,"Paraguay Primera Division Reserve, Clausura",Sportivo Luqueno vs Guarani Asuncion,Sportivo Luqueno,Guarani Asuncion,2.7,3.25,2.35,0,1,1
08-09-25,12:51,,Belarus vs Russia,Belarus,Russia,,,,1,0,1
08-09-25,13:56,"Uruguay Tercera Division, Reserves",Albion FC Reserves vs Juventud de Las Piedras Reserves,Albion FC Reserves,Juventud de Las Piedras Reserves,4.75,3.75,1.61,0,1,1
08-09-25,13:56,,Slovenia vs Faroe Islands,Slovenia,Faroe Islands,,,,0,0,0
08-09-25,13:56,,India vs Oman,India,Oman,,,,0,0,0
08-09-25,14:46,,Landskrona BoIS vs Mjallby AIF,Landskrona BoIS,Mjallby AIF,,,,0,0,0
08-09-25,14:58,"International World Cup, Qualification CAF",Equatorial Guinea vs Tunisia,Equatorial Guinea,Tunisia,3.6,3.1,2.15,0,0,0
08-09-25,14:58,"International World Cup, Qualification CAF",Mozambique vs Botswana,Mozambique,Botswana,1.78,3.33,5.0,1,0,1
08-09-25,14:58,"International World Cup, Qualification CAF",Zambia vs Morocco,Zambia,Morocco,5.6,4.0,1.58,0,1,1
08-09-25,14:58,International Int. Friendly Games,Malaysia vs Palestine,Malaysia,Palestine,2.85,3.3,2.45,1,0,1
08-09-25,14:58,,Bumamuru FC vs Mlandege FC,Bumamuru FC,Mlandege FC,,,,0,1,1
08-09-25,14:58,,San Martin Burzaco U20 vs Berazategui U20,San Martin Burzaco U20,Berazategui U20,,,,0,0,0
08-09-25,14:58,,Edfu Center vs El Qusiya SC,Edfu Center,El Qusiya SC,,,,1,0,1
08-09-25,14:58,Egypt Egypt Second Division B,Luxor vs Nasr Taadeen,Luxor,Nasr Taadeen,2.65,2.95,2.6,1,0,1
08-09-25,14:58,Egypt Egypt Second Division B,Tel Bani Swaif vs Fayoum FC,Tel Bani Swaif,Fayoum FC,2.1,2.95,3.5,0,0,0
08-09-25,14:58,,El Alameen vs Sila SC,El Alameen,Sila SC,,,,0,0,0
08-09-25,14:58,Egypt Egypt Second Division B,Misr Elmaqasah vs Team FC,Misr Elmaqasah,Team FC,2.4,2.95,2.9,0,1,1
08-09-25,15:24,International Int. Friendly Games,Indonesia vs Lebanon,Indonesia,Lebanon,1.72,3.8,4.6,0,0,0
08-09-25,15:53,Russia 1. Liga,FC Chelyabinsk vs Chayka Peschanokopskoye,FC Chelyabinsk,Chayka Peschanokopskoye,1.36,4.5,9.1,0,0,0
08-09-25,15:53,North Macedonia 2. MFL,Bregalnica Stip vs FK Teteks 1953,Bregalnica Stip,FK Teteks 1953,1.45,4.0,6.3,1,0,1
08-09-25,15:53,"Argentina Primera Division, Women",Rosario Central vs CA Banfield,Rosario Central,CA Banfield,3.7,3.1,1.96,0,1,1
08-09-25,16:10,"Argentina Primera Division, Women",Velez Sarfield vs Racing Club,Velez Sarfield,Racing Club,4.4,3.6,1.69,0,0,0
08-09-25,16:33,,IR Iran vs Uzbekistan,IR Iran,Uzbekistan,,,,0,0,0
08-09-25,16:53,,AL Salt vs AL Jazeera Club Amman,AL Salt,AL Jazeera Club Amman,,,,0,0,0
08-09-25,17:54,"International World Cup, Qualification CAF",Guinea vs Algeria,Guinea,Algeria,4.6,3.2,1.88,0,0,0
08-09-25,17:54,"International World Cup, Qualification CAF",Guinea-Bissau vs Djibouti,Guinea-Bissau,Djibouti,1.07,10.0,33.0,0,0,0
08-09-25,17:54,"International World Cup, Qualification CAF",Madagascar vs Chad,Madagascar,Chad,1.29,5.0,11.5,0,1,1
08-09-25,17:54,"International World Cup, Qualification CAF",Malawi vs Liberia,Malawi,Liberia,2.15,3.1,3.7,0,1,1
08-09-25,17:54,"International Youth U21 UEFA European Championship, Qualification",Estonia vs Iceland,Estonia,Iceland,5.1,4.2,1.55,1,0,1
08-09-25,17:54,Argentina Primera Nacional,Arsenal de Sarandi vs CSD Tristan Suarez,Arsenal de Sarandi,CSD Tristan Suarez,2.2,2.95,3.5,0,0,0
08-09-25,17:54,"Uruguay Tercera Division, Reserves",Defensor Sporting Reserves vs Club Atletico Penarol Reserves,Defensor Sporting Reserves,Club Atletico Penarol Reserves,2.5,3.25,2.55,0,0,0
08-09-25,18:31,International Int. Friendly Games,United Arab Emirates vs Bahrain,United Arab Emirates,Bahrain,1.8,3.6,4.3,1,0,1
08-09-25,18:31,International Youth U21 Friendly Games,Switzerland vs Albania,Switzerland,Albania,1.43,4.6,6.0,1,0,1
08-09-25,18:52,Qatar U23 Olympic League,AL Sailiya U23 vs AL Shamal U23,AL Sailiya U23,AL Shamal U23,1.84,3.5,3.33,0,1,1
08-09-25,18:52,,AL Shahaniya SC vs AL Wakrah SC U23,AL Shahaniya SC,AL Wakrah SC U23,,,,0,1,1
08-09-25,18:52,Qatar U23 Olympic League,Qatar SC U23 vs AL Ahli Doha U23,Qatar SC U23,AL Ahli Doha U23,1.98,3.25,3.2,0,1,1
08-09-25,19:14,International Int. Friendly Games,Czechia vs Saudi Arabia,Czechia,Saudi Arabia,1.47,4.4,6.7,1,0,1
08-09-25,19:52,Chile Primera B,Deportes Recoleta vs San Marcos de Arica,Deportes Recoleta,San Marcos de Arica,2.05,3.3,3.5,0,0,0
08-09-25,19:52,England Amateur Premier League Cup,Bromley FC U21 vs Sunderland U21,Bromley FC U21,Sunderland U21,9.2,6.9,1.21,1,0,1
08-09-25,19:52,Argentina Primera Nacional,CA Alvarado vs CD Maipu,CA Alvarado,CD Maipu,2.65,2.75,2.95,0,0,0
08-09-25,19:52,"Uruguay Tercera Division, Reserves",Atletico River Plate Reserves vs Danubio Reserves,Atletico River Plate Reserves,Danubio Reserves,4.0,3.4,1.79,1,0,1
08-09-25,19:52,"Uruguay Tercera Division, Reserves",Club Oriental de La Paz Reserves vs Progreso Reserves,Club Oriental de La Paz Reserves,Progreso Reserves,8.6,5.0,1.28,0,0,0
08-09-25,19:52,"Uruguay Tercera Division, Reserves",Liverpool Montevideo Reserves vs Nacional de Montevideo Reserves,Liverpool Montevideo Reserves,Nacional de Montevideo Reserves,2.5,3.1,2.65,1,0,1
08-09-25,19:52,"Uruguay Tercera Division, Reserves",Miramar Misiones Reserves vs CA Boston River Reserves,Miramar Misiones Reserves,CA Boston River Reserves,3.4,3.2,2.05,1,0,1
08-09-25,19:52,"Uruguay Tercera Division, Reserves",Racing Club de Montevideo Reserves vs Montevideo Wanderers Reserves,Racing Club de Montevideo Reserves,Montevideo Wanderers Reserves,2.7,3.3,2.35,0,0,0
08-09-25,19:52,,Sama AL Sarhan SC vs Al Hussein Irbid,Sama AL Sarhan SC,Al Hussein Irbid,,,,0,0,0
08-09-25,19:52,"Argentina Primera Division, Women",Newell's Old Boys vs CA Huracan,Newell's Old Boys,CA Huracan,1.33,4.25,8.9,0,0,0
08-09-25,19:52,,Defensores de Glew vs FC Ezeiza,Defensores de Glew,FC Ezeiza,,,,1,0,1
08-09-25,19:52,,Deportivo Metalurgico vs Nautico Hacoaj,Deportivo Metalurgico,Nautico Hacoaj,,,,0,0,0
08-09-25,19:52,,Social Atlético Televisión vs Estrella de Berisso,Social Atlético Televisión,Estrella de Berisso,,,,1,0,1
08-09-25,20:09,,Belgrano de Zarate vs Club Atletico Pilar,Belgrano de Zarate,Club Atletico Pilar,,,,0,0,0
08-09-25,20:24,Spain LaLiga 2,Eibar vs FC Andorra,Eibar,FC Andorra,1.82,3.4,4.6,0,0,0
08-09-25,20:24,Argentina Primera B,CD UAI Urquiza vs Real Pilar FC,CD UAI Urquiza,Real Pilar FC,3.5,2.95,2.2,0,0,0
08-09-25,20:24,Argentina Primera B,CSD Flandria vs CSCD Laferrere,CSD Flandria,CSCD Laferrere,2.15,2.8,3.9,0,0,0
08-09-25,20:35,International World Cup Qualification UEFA,Belarus vs Scotland,Belarus,Scotland,6.75,3.9,1.55,0,1,1
08-09-25,20:35,International World Cup Qualification UEFA,Croatia vs Montenegro,Croatia,Montenegro,1.2,6.7,14.5,1,0,1
08-09-25,20:35,International World Cup Qualification UEFA,Gibraltar vs Faroe Islands,Gibraltar,Faroe Islands,7.2,3.9,1.53,0,0,0
08-09-25,20:35,International World Cup Qualification UEFA,Greece vs Denmark,Greece,Denmark,2.5,3.1,3.0,0,1,1
08-09-25,20:35,Argentina Primera C,CDM Leandro N. Alem vs CA Central Cordoba Rosario,CDM Leandro N. Alem,CA Central Cordoba Rosario,3.1,3.25,2.3,1,0,1
08-09-25,20:35,,Mayfield United vs Carrigaline United,Mayfield United,Carrigaline United,,,,1,0,1
08-09-25,20:35,,Portadown FC vs Linfield Swifts,Portadown FC,Linfield Swifts,,,,0,1,1
08-09-25,20:54,"International World Cup, Qualification CAF",Ghana vs Mali,Ghana,Mali,2.25,3.0,3.6,0,0,0
08-09-25,20:54,International Youth U21 Friendly Games,France vs Serbia,France,Serbia,1.25,4.9,13.0,1,0,1
08-09-25,20:54,,Bangor FC Reserves vs Dungannon Swifts,Bangor FC Reserves,Dungannon Swifts,,,,1,0,1
08-09-25,21:53,,Alianza Lima Reserves vs Juventus Huamachuco FC,Alianza Lima Reserves,Juventus Huamachuco FC,,,,0,0,0
08-09-25,22:50,Argentina Primera Nacional,Almirante Brown vs CA San Telmo,Almirante Brown,CA San Telmo,2.05,2.9,4.0,0,0,0
08-09-25,22:59,,Atletico MT vs Mixto EC MT,Atletico MT,Mixto EC MT,,,,0,1,1
08-09-25,23:23,"Paraguay Division de Honor, Clausura",Sportivo Trinidense vs Sportivo Ameliano,Sportivo Trinidense,Sportivo Ameliano,2.25,3.1,3.2,1,0,1
08-09-25,23:23,Paraguay Segunda Division,Independiente Campo Grande vs Rubio Nu,Independiente Campo Grande,Rubio Nu,3.5,3.2,1.98,0,1,1
08-09-25,23:37,Argentina Primera B,CA Brown de Adrogue vs CSD San Martin,CA Brown de Adrogue,CSD San Martin,1.8,3.2,4.7,0,0,0
08-09-25,23:59,Argentina Primera Nacional,Colon de Santa Fe vs Estudiantes Rio Cuarto,Colon de Santa Fe,Estudiantes Rio Cuarto,2.45,2.85,3.1,0,1,1
08-09-25,23:59,Argentina Primera Nacional,Quilmes AC vs Ferro Carril Oeste,Quilmes AC,Ferro Carril Oeste,2.1,2.85,4.0,0,0,0
09-09-25,08:53,Simulated Reality League World Cup Qualifiers SRL,Albania SRL vs Latvia SRL,Albania SRL,Latvia SRL,1.38,4.54,9.5,0,0,0
09-09-25,08:53,Simulated Reality League World Cup Qualifiers SRL,Armenia SRL vs Ireland SRL,Armenia SRL,Ireland SRL,4.68,3.55,1.8,0,1,1
09-09-25,08:53,Simulated Reality League World Cup Qualifiers SRL,Azerbaijan SRL vs Ukraine SRL,Azerbaijan SRL,Ukraine SRL,6.4,4.31,1.51,0,0,0
09-09-25,08:53,Simulated Reality League World Cup Qualifiers SRL,Bosnia & Herzegovina SRL vs Austria SRL,Bosnia & Herzegovina SRL,Austria SRL,4.96,3.64,1.74,0,1,1
09-09-25,08:53,,Yirga Chefe Bunna SC vs Bole Sub City,Yirga Chefe Bunna SC,Bole Sub City,,,,0,0,0
09-09-25,09:55,Simulated Reality League World Cup Qualifiers SRL,France SRL vs Iceland SRL,France SRL,Iceland SRL,1.1,10.2,25.25,0,0,0
09-09-25,09:55,Simulated Reality League World Cup Qualifiers SRL,Serbia SRL vs England SRL,Serbia SRL,England SRL,4.64,3.61,1.79,0,0,0
09-09-25,09:55,,Mumbai Marines SC vs Mumbai Warriors SC,Mumbai Marines SC,Mumbai Warriors SC,,,,0,1,1
09-09-25,10:17,,Than Khoang San Viet Nam vs TP Ho Chi Minh II,Than Khoang San Viet Nam,TP Ho Chi Minh II,,,,1,0,1
09-09-25,10:35,International Youth U19 Friendly Games,Italy vs Czechia,Italy,Czechia,1.75,3.8,4.1,1,0,1
09-09-25,10:58,"International Youth U23 AFC Championship, Qualification",Oman vs Pakistan,Oman,Pakistan,1.19,6.3,10.5,1,0,1
09-09-25,10:58,"International Youth U23 AFC Championship, Qualification",Singapore vs Bangladesh,Singapore,Bangladesh,2.1,3.33,3.1,0,0,0
09-09-25,10:58,,Finland vs Switzerland,Finland,Switzerland,,,,0,0,0
09-09-25,11:24,,Coal India Spa vs Eastern Railway SC,Coal India Spa,Eastern Railway SC,,,,0,0,0
09-09-25,16:24,Slovakia Slovensky Pohar,FK Slovan Duslo Sala vs OFK Dynamo Malzenice,FK Slovan Duslo Sala,OFK Dynamo Malzenice,3.25,3.5,2.05,1,0,1
09-09-25,16:24,Slovakia Slovensky Pohar,TJ Banik Kalinovo vs FC Vion Zlate Moravce - Vrable,TJ Banik Kalinovo,FC Vion Zlate Moravce - Vrable,10.5,5.9,1.23,0,1,1
09-09-25,16:24,,"Hong Kong, China vs Guam U23","Hong Kong, China",Guam U23,,,,1,0,1
09-09-25,16:24,Croatia Croatian Cup,NK Solin vs NK Rudes Zagreb,NK Solin,NK Rudes Zagreb,3.25,3.33,2.1,0,1,1
09-09-25,16:52,"International Youth U21 UEFA European Championship, Qualification",Netherlands vs Israel,Netherlands,Israel,1.17,6.6,13.0,0,0,0
09-09-25,16:52,Portugal U23 Liga Revelacao,Rio Ave vs FC Vizela U23,Rio Ave,FC Vizela U23,,,,0,0,0
09-09-25,16:52,International Youth U19 Friendly Games,Croatia vs Germany,Croatia,Germany,2.8,3.8,2.2,1,0,1
09-09-25,16:52,,Cdm Leandro N. Alem II vs Argentino de Rosario Reserve,Cdm Leandro N. Alem II,Argentino de Rosario Reserve,,,,0,0,0
09-09-25,16:52,Finland Kolmonen,Korsnas FF vs Seinaajoen Sisu,Korsnas FF,Seinaajoen Sisu,2.25,4.1,2.45,0,0,0
09-09-25,17:51,International World Cup Qualification UEFA,Armenia vs Ireland,Armenia,Ireland,4.3,3.5,1.88,1,0,1
09-09-25,17:51,International World Cup Qualification UEFA,Azerbaijan vs Ukraine,Azerbaijan,Ukraine,6.9,4.4,1.48,0,0,0
09-09-25,17:51,"International World Cup, Qualification CAF",Burkina Faso vs Egypt,Burkina Faso,Egypt,2.95,3.25,2.4,0,0,0
09-09-25,17:51,"International World Cup, Qualification CAF",Togo vs Sudan,Togo,Sudan,2.3,3.0,3.4,1,0,1
09-09-25,17:51,International Int. Friendly Games,Estonia vs Andorra,Estonia,Andorra,1.56,3.7,6.75,0,0,0
09-09-25,17:51,"International Youth U21 UEFA European Championship, Qualification",Georgia vs Northern Ireland,Georgia,Northern Ireland,1.69,3.75,4.5,1,0,1
09-09-25,17:51,"International Youth U21 UEFA European Championship, Qualification",Lithuania vs Hungary,Lithuania,Hungary,5.5,4.0,1.54,0,1,1
09-09-25,17:51,"International Youth U21 UEFA European Championship, Qualification",Moldova vs Slovakia,Moldova,Slovakia,7.4,4.7,1.36,1,0,1
09-09-25,17:51,"International Youth U23 AFC Championship, Qualification",Jordan vs Turkmenistan,Jordan,Turkmenistan,1.32,5.1,6.8,1,0,1
09-09-25,17:51,"International Youth U23 AFC Championship, Qualification",Tajikistan vs Syria,Tajikistan,Syria,2.2,3.5,2.8,0,0,0
09-09-25,17:51,"Finland Kakkonen, Group B",Tampereen Ilves 2 vs HJS,Tampereen Ilves 2,HJS,1.72,4.25,3.8,0,0,0
09-09-25,18:01,"International World Cup, Qualification CAF",Cape Verde vs Cameroon,Cape Verde,Cameroon,3.25,2.8,2.5,0,0,0
09-09-25,18:23,"Netherlands U21, Divisie 1",Willem II Tilburg U21 vs FC Groningen U21,Willem II Tilburg U21,FC Groningen U21,2.3,3.6,2.55,0,0,0
09-09-25,18:52,International Int. Friendly Games,Jordan vs Dominican Republic,Jordan,Dominican Republic,1.98,3.4,3.9,1,0,1
09-09-25,18:52,"International Youth U21 UEFA European Championship, Qualification",Turkiye vs Croatia,Turkiye,Croatia,2.45,3.3,2.75,0,0,0
09-09-25,18:52,,Syrianska FC vs Orebro SK,Syrianska FC,Orebro SK,,,,0,0,0
09-09-25,18:52,"International Youth U23 AFC Championship, Qualification",Qatar vs Bahrain,Qatar,Bahrain,1.52,4.1,5.1,0,0,0
09-09-25,19:51,"International Youth U21 UEFA European Championship, Qualification",Montenegro vs Sweden,Montenegro,Sweden,5.1,4.1,1.57,0,0,0
09-09-25,19:51,"International Youth U21 UEFA European Championship, Qualification",Scotland vs Portugal,Scotland,Portugal,6.4,4.5,1.42,0,1,1
09-09-25,19:51,,Leyton Orient London U21 vs Watford U21,Leyton Orient London U21,Watford U21,,,,1,0,1
09-09-25,19:51,"Argentina Primera LPF, Reserves",CA Sarmiento de Junin vs Ferro Carril Oeste,CA Sarmiento de Junin,Ferro Carril Oeste,2.05,2.95,3.3,0,0,0
09-09-25,19:51,"Argentina Primera LPF, Reserves",CA Tigre Reserve vs CA Aldosivi Reserve,CA Tigre Reserve,CA Aldosivi Reserve,1.94,3.0,3.6,0,0,0
09-09-25,19:51,"Argentina Primera LPF, Reserves",Deportivo Riestra Afbc Reserve vs Gimnasia de la Plata Reserve,Deportivo Riestra Afbc Reserve,Gimnasia de la Plata Reserve,2.6,2.9,2.5,0,1,1
09-09-25,19:51,"Argentina Primera LPF, Reserves",Estudiantes de LP Reserve vs Defensa Y Justicia Reserve,Estudiantes de LP Reserve,Defensa Y Justicia Reserve,1.44,3.8,5.7,0,0,0
09-09-25,20:00,,Goncalense Petropolis RJ U20 vs Perolas Negras RJ,Goncalense Petropolis RJ U20,Perolas Negras RJ,,,,0,1,1
09-09-25,20:20,"International Youth U21 UEFA European Championship, Qualification",Ireland vs Andorra,Ireland,Andorra,1.08,8.7,26.0,0,0,0
09-09-25,20:20,"International Youth U21 UEFA European Championship, Qualification",San Marino vs Romania,San Marino,Romania,40.0,12.5,1.02,0,1,1
09-09-25,20:20,Argentina Primera C,Juventud Unida San Miguel vs Central Ballester,Juventud Unida San Miguel,Central Ballester,1.65,3.5,5.6,0,0,0
09-09-25,20:20,,Yupanqui vs CA Victoriano Arenas,Yupanqui,CA Victoriano Arenas,,,,1,0,1
09-09-25,20:32,England EFL Trophy,Mansfield Town vs Harrogate Town,Mansfield Town,Harrogate Town,1.69,4.1,4.25,0,1,1
09-09-25,20:32,England Amateur Southern League Premier Central,Alvechurch vs Halesowen Town FC,Alvechurch,Halesowen Town FC,2.2,3.4,2.85,1,0,1
09-09-25,20:32,Argentina Primera C,CA Claypole vs Deportivo Espanol,CA Claypole,Deportivo Espanol,2.55,2.9,2.95,0,0,0
09-09-25,20:32,Argentina Primera C,Lujan vs Deportivo Paraguayo,Lujan,Deportivo Paraguayo,1.65,3.4,6.0,1,0,1
09-09-25,20:32,,Planalto EC GO vs Centro Oeste GO,Planalto EC GO,Centro Oeste GO,,,,1,0,1
09-09-25,20:40,International World Cup Qualification UEFA,Albania vs Latvia,Albania,Latvia,1.38,4.5,9.5,1,0,1
09-09-25,20:40,International World Cup Qualification UEFA,Bosnia & Herzegovina vs Austria,Bosnia & Herzegovina,Austria,5.3,3.7,1.69,0,0,0
09-09-25,20:40,International Int. Friendly Games,Wales vs Canada,Wales,Canada,2.4,3.33,2.95,0,1,1
09-09-25,20:40,England National League,York City FC vs Tamworth FC,York City FC,Tamworth FC,1.49,4.4,5.7,0,0,0
09-09-25,20:40,England Amateur Northern Premier League Premier,Ashton United FC vs Bamber Bridge,Ashton United FC,Bamber Bridge,2.0,3.5,3.2,0,0,0
09-09-25,20:40,England Amateur Northern Premier League Premier,Hednesford Town vs Ilkeston Town FC,Hednesford Town,Ilkeston Town FC,1.96,3.4,3.4,0,0,0
09-09-25,20:40,England Amateur Northern Premier League Premier,Hyde United FC vs Leek Town FC,Hyde United FC,Leek Town FC,1.86,3.6,3.5,0,1,1
09-09-25,20:40,England Amateur Northern Premier League Premier,Warrington Town vs Rushall Olympic,Warrington Town,Rushall Olympic,3.2,3.6,1.98,0,0,0
09-09-25,20:40,England Amateur Southern League Premier South,Hanwell Town FC vs Chertsey Town,Hanwell Town FC,Chertsey Town,2.05,3.5,3.0,0,0,0
09-09-25,20:40,"England Amateur Isthmian League, Pr. Div",Brentwood Town FC vs Canvey Island,Brentwood Town FC,Canvey Island,1.47,4.4,5.3,0,0,0
09-09-25,20:40,"England Amateur Isthmian League, Pr. Div",Lewes FC vs Chichester City FC,Lewes FC,Chichester City FC,2.55,3.5,2.35,0,0,0
09-09-25,20:50,"International World Cup, Qualification CAF",Gabon vs Ivory Coast,Gabon,Ivory Coast,3.9,3.0,2.1,0,0,0
09-09-25,20:50,"International World Cup, Qualification CAF",Mauritania vs South Sudan,Mauritania,South Sudan,1.37,4.4,9.7,0,0,0
09-09-25,21:24,"International World Cup, Qualification CAF",Gambia vs Burundi,Gambia,Burundi,1.71,3.6,5.1,1,0,1
09-09-25,21:59,,CD Furia Arona vs Emf Santiago Del Teide,CD Furia Arona,Emf Santiago Del Teide,,,,0,1,1
10-09-25,09:53,,Mawpat vs Mylliem Lum SC,Mawpat,Mylliem Lum SC,,,,0,1,1
10-09-25,10:31,Czechia CFL,FC Viktoria Plzen B vs SK Slavia Prague C,FC Viktoria Plzen B,SK Slavia Prague C,1.6,4.1,4.3,0,0,0
10-09-25,10:52,,Hantharwady United FC U21 vs ISPE FC U21,Hantharwady United FC U21,ISPE FC U21,,,,0,1,1
10-09-25,11:34,,Calcutta Police Club vs Railway FC,Calcutta Police Club,Railway FC,,,,0,0,0
10-09-25,11:45,,Bahir Dar Ketema vs Hawassa Ketema,Bahir Dar Ketema,Hawassa Ketema,,,,0,0,0
10-09-25,11:54,,Temp Barnaul vs Znamya Truda Orekhovo Zuevo,Temp Barnaul,Znamya Truda Orekhovo Zuevo,,,,0,0,0
10-09-25,12:26,India Bangalore Super Division,Rebels FC vs Bengaluru B,Rebels FC,Bengaluru B,7.8,4.9,1.3,1,0,1
10-09-25,12:37,,Offshots FC vs Skorost United FC,Offshots FC,Skorost United FC,,,,0,0,0
10-09-25,12:50,,Olympic Kingsway SC vs Perth Redstar FC,Olympic Kingsway SC,Perth Redstar FC,,,,0,1,1
10-09-25,12:59,,Sawmer SC vs Rangdajied United FC,Sawmer SC,Rangdajied United FC,,,,0,0,0
10-09-25,12:59,,Neftchi vs Pakhtakor Tashkent,Neftchi,Pakhtakor Tashkent,,,,1,0,1
10-09-25,13:50,,Mechal SC vs Sheger Ketema,Mechal SC,Sheger Ketema,,,,0,0,0
10-09-25,13:50,"Hong Kong, China Senior Shield",Tai Po FC vs Southern District Football Club,Tai Po FC,Southern District Football Club,1.52,4.5,4.6,1,0,1
10-09-25,14:50,,Sport Colombia vs Club Olimpia de Ita,Sport Colombia,Club Olimpia de Ita,,,,0,1,1
10-09-25,14:59,"Argentina Primera B, Reserve",Villa Dalmine Reserve vs CS Italiano Reserve,Villa Dalmine Reserve,CS Italiano Reserve,1.97,3.1,3.7,0,1,1
10-09-25,14:59,,Al-Hammam vs MS Abu El Matamir,Al-Hammam,MS Abu El Matamir,,,,0,0,0
10-09-25,14:59,Egypt Egypt Second Division B,Damanhur vs Al Olympi,Damanhur,Al Olympi,3.1,2.95,2.3,1,0,1
10-09-25,15:22,Italy Coppa Italia Primavera,Pro Vercelli 1892 vs Calcio Lecco 1912,Pro Vercelli 1892,Calcio Lecco 1912,1.74,3.8,4.1,1,0,1
10-09-25,15:22,North Macedonia Macedonia Cup,FK Kozuf Gevgelija vs Shkupi Cair,FK Kozuf Gevgelija,Shkupi Cair,4.2,3.75,1.74,0,1,1
10-09-25,15:22,North Macedonia Macedonia Cup,FK Skopje vs GFK Tikvesh 1930,FK Skopje,GFK Tikvesh 1930,6.7,4.3,1.43,0,0,0
10-09-25,15:50,,FK Rozova Dolina Kazanlak vs Zagorets Nova Zagora,FK Rozova Dolina Kazanlak,Zagorets Nova Zagora,,,,0,1,1
10-09-25,15:50,Belarus Vysshaya Liga,FC Molodechno vs FC Neman Grodno,FC Molodechno,FC Neman Grodno,9.4,5.1,1.3,1,0,1
10-09-25,15:50,Czechia MSFL,FC Zlin B vs Fotbal Frydek Mistek,FC Zlin B,Fotbal Frydek Mistek,2.9,3.7,2.1,0,1,1
10-09-25,15:50,Czechia MSFL,TJ Unie Hlubina vs FK Blansko,TJ Unie Hlubina,FK Blansko,1.53,4.6,4.4,0,1,1
10-09-25,15:50,Slovakia 1. League Women,FC Tatran Presov vs Spartak Myjava,FC Tatran Presov,Spartak Myjava,11.5,6.6,1.12,0,1,1
10-09-25,15:50,,Club El Porvenir Reserve vs Csdc Espanol Reserve,Club El Porvenir Reserve,Csdc Espanol Reserve,,,,0,1,1
10-09-25,15:59,,Medellin City FC vs Color Esperanza,Medellin City FC,Color Esperanza,,,,0,0,0
10-09-25,16:25,Croatia Croatian Cup,HNK Vukovar 1991 vs HNK Cibalia Vinkovci,HNK Vukovar 1991,HNK Cibalia Vinkovci,1.3,5.1,8.9,0,0,0
10-09-25,16:25,Croatia Croatian Cup,NK Radnik Krizevci vs NK Mladost Zdralovi,NK Radnik Krizevci,NK Mladost Zdralovi,3.5,3.6,1.95,0,0,0
10-09-25,16:25,Montenegro 2. CFL,FK Internacional Podgorica vs FK Lovcen,FK Internacional Podgorica,FK Lovcen,5.25,4.2,1.49,0,1,1
10-09-25,16:25,Montenegro 2. CFL,FK Rudar Pljevlja vs FK Berane,FK Rudar Pljevlja,FK Berane,1.78,3.5,3.9,0,0,0
10-09-25,16:25,Iran Azadegan League,Damash Gilan FC vs Shahrdari Noshahr,Damash Gilan FC,Shahrdari Noshahr,2.65,3.1,2.55,0,0,0
10-09-25,16:25,Iran Azadegan League,Mes Shahr-e Babak vs FC Fard Alborz,Mes Shahr-e Babak,FC Fard Alborz,1.78,3.1,4.75,0,0,0
10-09-25,16:49,Czechia CFL,Bohemians Prague 1905 B vs FK Motorlet Prague,Bohemians Prague 1905 B,FK Motorlet Prague,2.6,3.7,2.25,0,0,0
10-09-25,16:49,Czechia CFL,SK Aritma Prague vs Tj Jiskra Domazlice,SK Aritma Prague,Tj Jiskra Domazlice,4.0,3.8,1.7,0,0,0
10-09-25,16:49,Czechia CFL,SK Benatky Nad Jizerou vs Velke Hamry,SK Benatky Nad Jizerou,Velke Hamry,2.45,3.5,2.45,0,0,0
10-09-25,16:49,,SK Sluknov vs SK Stap Tratec Vilemov,SK Sluknov,SK Stap Tratec Vilemov,,,,0,1,1
10-09-25,16:49,Czechia MSFL,FK Hodonin vs SK Sigma Olomouc B,FK Hodonin,SK Sigma Olomouc B,2.8,3.4,2.2,0,0,0
10-09-25,16:49,,SK Hranice vs SFK Vrchovina,SK Hranice,SFK Vrchovina,,,,1,0,1
10-09-25,16:58,Czechia CFL,SK Sokol Brozany vs FK Mlada Boleslav B,SK Sokol Brozany,FK Mlada Boleslav B,1.99,3.7,3.1,0,0,0
10-09-25,17:29,Spain Copa Federacion,Club Deportiva Minera vs UD Melilla,Club Deportiva Minera,UD Melilla,2.2,3.0,3.1,1,0,1
10-09-25,17:29,Iran Azadegan League,Havadar SC vs Ario Eslamshahr,Havadar SC,Ario Eslamshahr,2.25,2.8,3.4,1,0,1
10-09-25,17:29,"Finland Kansallinen Liiga, Women",HJK Helsinki vs PK-35 Vantaa,HJK Helsinki,PK-35 Vantaa,1.01,10.5,21.0,0,0,0
10-09-25,17:48,Finland Kolmonen,FC Haka J vs TPV/2,FC Haka J,TPV/2,1.29,5.6,6.9,1,0,1
10-09-25,17:48,"International Clubs UEFA Europa Cup, Women",FC Nordsjaelland vs Kuopion Palloseura,FC Nordsjaelland,Kuopion Palloseura,1.51,4.9,5.2,0,0,0
10-09-25,17:48,"International Clubs UEFA Europa Cup, Women",Rosenborg BK Kvinner vs PSV Eindhoven,Rosenborg BK Kvinner,PSV Eindhoven,2.85,3.5,2.35,1,0,1
10-09-25,17:48,"International Clubs UEFA Europa Cup, Women",ZNK SFK 2000 Sarajevo vs Fomget Genclik Ve Spor,ZNK SFK 2000 Sarajevo,Fomget Genclik Ve Spor,7.0,5.3,1.37,0,0,0
10-09-25,17:58,,CA Ferrocarril Midland Reserves vs Csd Flandria Reserve,CA Ferrocarril Midland Reserves,Csd Flandria Reserve,,,,0,0,0
10-09-25,17:58,Czechia MSFL,FC Hlucin vs SK Unicov,FC Hlucin,SK Unicov,2.45,3.6,2.4,0,0,0
10-09-25,18:18,Spain Copa de SM La Reina,Elche CF SAD vs Valencia CF,Elche CF SAD,Valencia CF,5.75,4.75,1.4,0,0,0
10-09-25,18:31,,Kristall Mez Borisoglebsk vs Spartak Tambov,Kristall Mez Borisoglebsk,Spartak Tambov,,,,0,0,0
10-09-25,18:51,Spain Copa Federacion,Terrassa FC vs CF Atletico de Monzon,Terrassa FC,CF Atletico de Monzon,1.57,3.7,5.1,1,0,1
10-09-25,18:51,Finland Suomen Cup,Kuopion Palloseura vs FF Jaro,Kuopion Palloseura,FF Jaro,1.29,5.5,8.2,1,0,1
10-09-25,18:51,Spain Copa de SM La Reina,Malaga CF vs Real Betis Seville,Malaga CF,Real Betis Seville,2.35,4.0,2.35,0,0,0
10-09-25,18:51,Uruguay Copa Uruguay,Club Oriental de Football vs Defensor Sporting,Club Oriental de Football,Defensor Sporting,5.75,3.9,1.57,0,0,0
10-09-25,18:51,"International Clubs UEFA Europa Cup, Women",Grasshopper Zurich vs BIIK Kazygurt Shymkent,Grasshopper Zurich,BIIK Kazygurt Shymkent,1.26,6.2,9.8,1,0,1
10-09-25,19:50,Spain Copa Federacion,CD Laguna Sad vs CD Toledo Sad,CD Laguna Sad,CD Toledo Sad,4.1,3.8,1.67,1,0,1
10-09-25,19:50,Spain Copa Federacion,CD Varea vs Moralo CP,CD Varea,Moralo CP,1.74,3.7,4.0,1,0,1
10-09-25,19:50,Spain Copa Federacion,Union Molinense CF 2020 vs CD Xerez,Union Molinense CF 2020,CD Xerez,2.95,3.0,2.35,1,0,1
10-09-25,19:50,Bosnia & Herzegovina Premijer Liga,HSK Zrinjski Mostar vs FK Sarajevo,HSK Zrinjski Mostar,FK Sarajevo,1.73,3.5,4.7,1,0,1
10-09-25,19:50,"Argentina Primera LPF, Reserves",Rosario Central Reserve vs CA Talleres de Cordoba Reserve,Rosario Central Reserve,CA Talleres de Cordoba Reserve,1.61,3.4,4.6,1,0,1
10-09-25,19:50,Spain Copa de SM La Reina,Rayo Vallecano vs CF Pozuelo de Alarcon,Rayo Vallecano,CF Pozuelo de Alarcon,2.2,3.33,2.9,1,0,1
10-09-25,19:50,"Argentina Primera Division, Women",CA Platense vs CA Independiente,CA Platense,CA Independiente,2.75,3.0,2.45,0,0,0
10-09-25,19:50,,24 de Setiembre VP vs 12 de Octubre de Itaugua,24 de Setiembre VP,12 de Octubre de Itaugua,,,,0,0,0
10-09-25,19:50,,AD Centro Olimpico SP vs Red Bull Bragantino SP,AD Centro Olimpico SP,Red Bull Bragantino SP,,,,0,0,0
10-09-25,19:50,,EC Sao Bento SP vs Associacao Portuguesa de Desportos SP,EC Sao Bento SP,Associacao Portuguesa de Desportos SP,,,,1,0,1
10-09-25,19:50,,Ituano FC SP vs Ferroviaria SP,Ituano FC SP,Ferroviaria SP,,,,0,0,0
10-09-25,19:50,International Youth U21 Premier League International Cup,Leicester City U21 vs Juventus Turin U21,Leicester City U21,Juventus Turin U21,2.65,3.6,2.35,0,0,0
10-09-25,19:50,International Youth U21 Premier League International Cup,Wolverhampton Wanderers U21 vs Real Madrid U21,Wolverhampton Wanderers U21,Real Madrid U21,3.4,3.8,1.9,0,0,0
10-09-25,19:59,England Amateur Premier League Cup,Coventry City U21 vs Blackburn Rovers U21,Coventry City U21,Blackburn Rovers U21,2.4,3.6,2.6,1,0,1
10-09-25,19:59,,Puerto Nuevo Riserve vs Deportivo Paraguayo Reserve,Puerto Nuevo Riserve,Deportivo Paraguayo Reserve,,,,0,0,0
10-09-25,20:19,Spain Copa Federacion,UD San Sebastian Reyes vs Alfaro CD,UD San Sebastian Reyes,Alfaro CD,1.61,3.6,5.0,0,0,0
10-09-25,20:19,Uruguay Copa Uruguay,Racing Club Montevideo vs CA Boston River,Racing Club Montevideo,CA Boston River,2.95,3.25,2.35,0,0,0
10-09-25,20:19,,Presidente Hayes vs 3 de Noviembre,Presidente Hayes,3 de Noviembre,,,,0,0,0
10-09-25,20:32,Wales League Cup,Pen-y-Bont FC vs Briton Ferry,Pen-y-Bont FC,Briton Ferry,1.46,4.3,6.1,0,1,1
10-09-25,20:32,"International Clubs UEFA Europa Cup, Women",Glasgow City LFC vs Athlone Town FC,Glasgow City LFC,Athlone Town FC,1.3,5.7,8.7,1,0,1
10-09-25,20:41,Wales League Cup,Barry Town United FC vs Llanelli Town,Barry Town United FC,Llanelli Town,1.41,4.6,6.7,0,0,0
10-09-25,20:41,Wales League Cup,Caernarfon Town FC vs Holywell Town,Caernarfon Town FC,Holywell Town,1.33,5.4,7.1,0,0,0
10-09-25,20:41,Wales League Cup,Haverfordwest County AFC vs Swansea City U21,Haverfordwest County AFC,Swansea City U21,2.15,3.9,2.8,1,0,1
10-09-25,20:41,England Amateur Southern League Premier South,Gosport Borough vs Wimborne Town,Gosport Borough,Wimborne Town,2.65,3.4,2.35,0,0,0
10-09-25,20:50,USA MLS Next Pro,Chicago Fire FC II vs FC Cincinnati 2,Chicago Fire FC II,FC Cincinnati 2,1.89,3.9,3.4,0,0,0
10-09-25,20:50,Faroe Islands 1st deild,B36 Torshavn II vs 07 Vestur Sorvagur II,B36 Torshavn II,07 Vestur Sorvagur II,1.61,4.5,4.25,0,0,0
10-09-25,20:59,Argentina Primera C,Deportivo Muniz vs Ituzaingo,Deportivo Muniz,Ituzaingo,3.25,3.3,2.2,0,0,0
10-09-25,20:59,,Piaui EC PI vs Parnahyba SC PI,Piaui EC PI,Parnahyba SC PI,,,,1,0,1
10-09-25,22:20,Ecuador Serie B,22 de Julio vs Chacaritas FC,22 de Julio,Chacaritas FC,1.56,3.7,4.6,1,0,1
10-09-25,22:20,Ecuador Serie B,CA Vinotinto vs Vargas Torres,CA Vinotinto,Vargas Torres,1.81,3.1,4.0,0,0,0
