tournament,home_team,away_team,home_ft_goals,away_ft_goals,ft_goals
International - World Cup Qualification UEFA,Austria,Cyprus,1,0,1
International - World Cup Qualification UEFA,Ireland,Hungary,2,2,4
International - World Cup Qualification UEFA,San Marino,Bosnia & Herzegovina,0,6,6
International - World Cup Qualification UEFA,Armenia,Portugal,0,5,5
International - World Cup Qualification UEFA,England,Andorra,2,0,2
International - World Cup Qualification UEFA,Latvia,Serbia,0,1,1
"International - World Cup, Qualification CAF",Nigeria,Rwanda,1,0,1
International - Int. Friendly Games,USA,Republic of Korea,0,2,2
International - Int. Friendly Games,Egypt,Tunisia,1,0,1
International - Int. Friendly Games,Nepal,Bangladesh,0,0,0
International - Int. Friendly Games,Sri Lanka,Maldives,0,3,3
Portugal - Liga Portugal,Estoril Praia,Santa Clara Azores,0,1,1
Spain - LaLiga 2,Malaga CF,Granada,2,2,4
Spain - LaLiga 2,Real Zaragoza,Valladolid,1,1,2
Spain - LaLiga 2,RC Deportivo La Coruna,Sporting Gijon,1,0,1
United Arab Emirates - Pro League Cup,Ajman Club,Al Wahda FC (UAE),2,4,6
United Arab Emirates - Pro League Cup,Baniyas Club,Khor Fakkan Club,0,1,1
United Arab Emirates - Pro League Cup,Sharjah FC,Dibba,2,0,2
Argentina - Super Cup,Velez Sarsfield,CA Central Cordoba SE,2,0,2
Brazil - Brasileiro Serie B,Botafogo FC SP,CA Paranaense PR,1,3,4
Brazil - Brasileiro Serie B,Coritiba FC PR,Ferroviaria SP,4,0,4
Scotland - Championship,Greenock Morton FC,Raith Rovers FC,0,1,1
Scotland - Championship,Queens Park FC,Partick Thistle FC,0,1,0
Scotland - Championship,Ross County FC,Arbroath FC,1,2,3
International Clubs - Club Friendly Games,FK Zenit Saint Petersburg,FC Sion,5,3,8
International Clubs - Club Friendly Games,FC Wil 1900,FC St. Gallen 1879,3,3,6
International Clubs - Club Friendly Games,RW Oberhausen,Chemnitzer FC,5,1,6
International Clubs - Club Friendly Games,GKS Piast Gliwice,GKS Tychy,3,0,3
International Clubs - Club Friendly Games,Wisla Krakow,Puszcza Niepolomice,1,4,5
International Clubs - Club Friendly Games,CS Concordia Chiajna,AFC Chindia Targoviste,0,0,0
International Clubs - Club Friendly Games,FC Uta Arad,CSC Dumbravita,0,0,0
"Colombia - Primera A, Clausura",Llaneros FC,CD Tolima,1,0,1
"Colombia - Primera A, Clausura",CA Bucaramanga,Alianza FC Valledupar,3,1,4
"Colombia - Primera A, Clausura",CD Once Caldas,CS Deportivo Pereira,1,0,1
"Colombia - Primera A, Clausura",AD Pasto,Boyaca Chico FC,2,0,2
Argentina - Torneo Federal A,CA Sol de America de Formosa,Boca Unidos,3,0,3
Argentina - Torneo Federal A,Crucero del Norte,CA Sarmiento de Resistencia,2,3,5
Argentina - Torneo Federal A,Douglas Haig,Juventud Antoniana,0,0,0
Argentina - Torneo Federal A,Ciudad de Bolivar,CD Argentino Monte Maiz,3,2,5
Belgium - Beker van Belgie,Hoogstraten VV,KV Waasland-Beveren,1,3,4
Belgium - Beker van Belgie,KFC Dessel Sport,RWD Molenbeek 47,2,4,6
Scotland - Challenge Cup,Annan Athletic FC,St Mirren B,2,2,4
Scotland - Challenge Cup,Clyde FC,Motherwell B,4,0,4
Scotland - Challenge Cup,East Fife FC,Dumbarton FC,1,1,2
Scotland - Challenge Cup,East Kilbride FC,Hamilton Academical FC,2,4,6
Scotland - Challenge Cup,Edinburgh City FC,Heart of Midlothian B,4,2,6
Scotland - Challenge Cup,Forfar Athletic FC,Dundee FC B,4,1,5
Scotland - Challenge Cup,Kelty Hearts FC,Stranraer FC,3,0,3
Scotland - Challenge Cup,Montrose FC,Aberdeen FC B,3,1,4
Scotland - Challenge Cup,Peterhead FC,Dundee United B,3,0,3
Scotland - Challenge Cup,Spartans FC,Hibernian B,5,1,6
Scotland - Challenge Cup,Stenhousemuir FC,Kilmarnock FC B,4,0,4
Scotland - Challenge Cup,Alloa Athletic FC,Celtic Glasgow B,5,4,9
Scotland - Challenge Cup,Elgin City FC,Cove Rangers FC,1,0,1
Scotland - Challenge Cup,Queen of the South FC,Glasgow Rangers FC B,2,1,3
Argentina - Copa Argentina,CA Tigre,Independiente Rivadavia,1,3,4
Japan - J3 League,Gainare Tottori,Fukushima United FC,1,2,3
Japan - J3 League,Kagoshima United,Kochi United SC,4,1,5
Japan - J3 League,Tegevajaro Miyazaki,Tochigi SC,2,3,5
Japan - J3 League,Vanraure Hachinohe FC,Azul Claro Numazu,1,0,1
Japan - J3 League,FC Ryukyu,Thespakusatsu,3,2,5
Japan - J3 League,Giravanz Kitakyushu,FC Gifu,0,1,1
Japan - J3 League,Nara Club,Kamatamare Sanuki,4,3,7
Japan - J3 League,SC Sagamihara,AC Nagano Parceiro,2,1,3
Japan - J3 League,Tochigi City FC,Matsumoto Yamaga FC,3,2,5
England - League One,Bolton Wanderers,AFC Wimbledon,3,0,3
England - League One,Doncaster Rovers,Bradford City FC,3,1,4
England - League One,Huddersfield,Peterborough United,3,2,5
England - League One,Lincoln City,Wigan Athletic,2,2,4
England - League One,Plymouth Argyle,Stockport County FC,4,2,6
England - League One,Port Vale,Leyton Orient London,2,3,5
England - League One,Reading FC,Northampton Town,2,3,0
England - League One,Rotherham United,Exeter City,1,0,1
England - League One,Stevenage FC,Barnsley FC,1,0,0
England - League One,Wycombe Wanderers,Mansfield Town,2,0,2
"Italy - Serie C, Group A",Union Brescia,Pro Vercelli 1892,5,0,5
"Italy - Serie C, Group A",US Pergolettese Crema,AS Cittadella,3,1,4
"Italy - Serie C, Group A",Alcione Milano,AC Lumezzane,1,0,1
"Italy - Serie C, Group A",US Albinoleffe,AC Renate,2,3,5
"Italy - Serie D, Group A",Asd Imperia 1923,Citta Di Varese,1,3,4
"Italy - Serie D, Group B",AC Chievo Verona,Usd Scanzorosciate Calcio,2,1,3
USA - USL Championship,Phoenix Rising FC,Las Vegas Lights,0,0,0
International - World Cup Qualification CONCACAF,Nicaragua,Costa Rica,1,1,2
International - World Cup Qualification CONCACAF,Haiti,Honduras,0,0,0
International - World Cup Qualification CONCACAF,Trinidad and Tobago,Curacao,0,0,0
Australia - Capital NPL 1,Monaro Panthers FC,Tuggeranong Utd,5,1,6
Australia - Capital NPL 1,Canberra Croatia FC,Cooma Tigers,2,3,5
Netherlands - Eerste Divisie,SC Cambuur,Willem II Tilburg,2,2,4
Republic of Korea - K-League 2,Busan I Park,Suwon Bluewings,1,0,1
Republic of Korea - K-League 2,Cheongju FC,Gyeongnam FC,0,1,1
Republic of Korea - K-League 2,Jeonnam Dragons,Seoul E-Land FC,1,2,3
Republic of Korea - K-League 2,Seongnam Ilhwa,Ansan Greeners,4,0,4
England - League Two,Bromley FC,Gillingham FC,2,2,4
England - League Two,Barnet FC,Shrewsbury Town,1,3,4
England - League Two,Barrow AFC,Swindon Town,1,3,4
England - League Two,Cambridge United,Oldham Athletic,0,1,1
England - League Two,Cheltenham Town,Accrington Stanley,1,0,1
England - League Two,Colchester United,Crewe Alexandra,1,1,2
England - League Two,Harrogate Town,Crawley Town,0,1,1
England - League Two,Milton Keynes Dons,Grimsby Town,2,3,5
England - League Two,Notts County,Fleetwood Town,1,0,1
England - League Two,Salford City,Tranmere Rovers FC,3,1,4
England - League Two,Walsall FC,Chesterfield FC,1,0,1
England - League Two,Newport County,Bristol Rovers,2,3,5
USA - MLS Next Pro,Sporting Kansas City II,Real Monarchs SLC,2,1,3
France - National,FC Rouen,LB Chateauroux,1,2,3
France - National 3,US Orleans 2,AS Saint-Etienne 2,2,0,2
France - National 3,CMS Oissel,SM Caen II,0,2,2
France - National 3,Dijon II,Jura Sud Foot,3,1,4
France - National 3,Stade Lavallois MFC 2,Cesson OC,0,1,1
France - National 3,EA Guingamp II,Lannion FC,1,0,1
France - National 3,Neuilly Marne SFC,Jeanne d´Arc de Drancy,0,3,3
France - National 3,FC Versailles 78 II,C'Chartres FC,2,2,4
Australia - NSW NPL 1,SD Raiders FC,Central Coast Mariners Academy,2,2,4
Colombia - Primera B,Bogota FC,Tigres FC,1,0,1
Switzerland - Promotion League,BSC Young Boys U21,FC Basel II,0,0,0
Switzerland - Promotion League,FC Grand-Saconnex,FC Paradiso,2,3,5
Switzerland - Promotion League,FC Bavois,FC Bulle,0,0,0
Switzerland - Promotion League,SC Cham,SC Kriens,2,2,4
Australia - Queensland NPL,Moreton City Excelsior FC,Eastern Suburbs FC,4,1,5
Australia - Queensland NPL,Queensland Lions FC,Peninsula Power FC,3,0,3
Australia - South Australia NPL,North Eastern Metrostars SC,Adelaide United FC,2,1,3
Australia - South Australia NPL,Adelaide City FC,Croydon FC,2,3,5
Australia - Tasmania NPL,Devonport City SC,South Hobart FC,0,3,3
Australia - Tasmania NPL,Kingborough Lions United FC,Clarence Zebras FC,4,1,5
Australia - Tasmania NPL,Launceston United Soccer Club,Glenorchy Knights FC,3,5,8
Australia - Tasmania NPL,Riverside Olympic FC,Launceston City FC,1,2,3
Netherlands - Tweede Divisie,IJsselmeervogels,BVV Barendrecht,1,3,4
Netherlands - Tweede Divisie,Kozakken Boys Werkendam,Jong Almere City FC,0,3,3
Netherlands - Tweede Divisie,ACV Assen,Amsterdamsche FC,0,1,1
Netherlands - Tweede Divisie,Excelsior Maassluis,Koninklijke HFC,0,0,0
Netherlands - Tweede Divisie,GVVV Veenendaal,VV Katwijk,1,0,1
Netherlands - Tweede Divisie,HHC Hardenberg,De Treffers Groesbeek,1,0,1
Netherlands - Tweede Divisie,Hoek,Jong Sparta Rotterdam,0,0,0
Netherlands - Tweede Divisie,Rkav Volendam,SV Spakenburg,0,1,1
Netherlands - Tweede Divisie,K.v.v. Quick Boys,Rijnsburgse Boys,0,0,0
USA - USL League One,Union Omaha SC,Texoma FC,5,0,5
Australia - Western Australia NPL,Joondalup City,UWA Nedlands FC,3,1,4
Australia - Western Australia NPL,Kingsley Westside FC,Fremantle City,2,1,3
Australia - Western Australia NPL,Perth Redstar FC,Perth Glory FC,4,6,10
Simulated Reality League - World Cup Qualifiers SRL,Austria SRL,Cyprus SRL,1,1,2
Simulated Reality League - World Cup Qualifiers SRL,Ireland SRL,Hungary SRL,2,1,3
Simulated Reality League - World Cup Qualifiers SRL,San Marino SRL,Bosnia & Herzegovina SRL,0,2,2
Simulated Reality League - World Cup Qualifiers SRL,Armenia SRL,Portugal SRL,1,2,3
Simulated Reality League - World Cup Qualifiers SRL,England SRL,Andorra SRL,7,0,7
Simulated Reality League - World Cup Qualifiers SRL,Latvia SRL,Serbia SRL,0,1,1
Republic of Korea - K3 League,Daejeon Korail FC,Yeoju Citizen FC,3,3,6
Republic of Korea - K3 League,Gangneung Citizen FC,Chuncheon FC,2,4,6
Republic of Korea - K3 League,FC Mokpo,Yangpyeong FC,0,2,2
Republic of Korea - K3 League,Paju Citizen FC,Gyeongju FC,0,0,0
England - National League,Aldershot Town FC,Brackley Town FC,2,2,4
England - National League,Boreham Wood FC,Morecambe FC,3,0,3
England - National League,Boston United FC,Solihull Moors FC,1,2,3
England - National League,Carlisle United,Truro City,3,0,3
England - National League,Forest Green Rovers,Hartlepool United,1,0,1
England - National League,Rochdale AFC,Braintree Town FC,2,0,2
England - National League,Scunthorpe United,Wealdstone FC,2,1,3
England - National League,Southend United,FC Halifax Town,3,0,3
England - National League,Tamworth FC,Eastleigh FC,1,0,1
England - National League,Woking FC,Gateshead FC,5,0,5
England - National League,Yeovil Town,York City FC,1,3,4
England - National League,Altrincham FC,Sutton United,2,1,3
Denmark - 2nd Division,FC Roskilde,Skive IK,1,1,2
Denmark - 2nd Division,HIK Hellerup,Thisted FC,1,1,2
Denmark - 2nd Division,Ishoej IF,Vendsyssel FF,0,1,1
Denmark - 3rd Division,Naesby BK,Sundby BK,3,1,4
Denmark - 3rd Division,BK Frem,Bronshoj BK,0,1,1
Denmark - 3rd Division,FA 2000,Nykoebing FC,1,2,3
Denmark - 3rd Division,Odder IGF,Vanloese IF,0,1,1
Denmark - 3rd Division,IF Lyseng,Vejgaard BK B,0,2,2
Denmark - 3rd Division,Hoersholm-Usseroed IK,Holbaek B&I,0,4,4
"Australia - Victoria State League 1, Reserves",Collingwood City FC Reserves,Brandon Park SC Reserve,3,0,3
"Australia - Victoria State League 1, Reserves",Mazenod FC Reserve,Hampton East Brighton FC Reserves,2,5,7
"Australia - Victoria State League 1, Reserves",South Springvale SC Reserve,Old Scotch SC Reserve,1,2,3
"Australia - Victoria State League 1, Reserves",Yarraville FC Reserve,FC Clifton Hill Reserve,2,3,5
Brazil - Copa do Nordeste,EC Bahia BA,AD Confianca SE,5,0,5
Australia - South Australia State League 1,Sturt Lions,Salisbury United,3,1,4
Australia - Tasmania Southern Championship 1,University of Tasmania 2,Taroona 2,2,4,6
Australia - Victoria Premier League 1,Melbourne City FC,FC Melbourne Srbija,4,3,7
"Australia - Victoria State League 2, Reserves",Bentleigh United Cobras FC Reserve,Berwick City SC Reserve,1,4,5
"Australia - Victoria State League 2, Reserves",Doncaster Rovers SC Reserve,Chisholm United FC Reserves,0,1,1
"Australia - Victoria State League 2, Reserves",Mooroolbark SC Reserve,St Kilda SC Reserve,1,4,5
"Australia - Victoria State League 2, Reserves",Williamstown SC Reserve,Mill Park SC Reserve,4,2,6
"Australia - Western Australia State League 1, Reserves",Dianella White Eagles SC Reserves,Uwa Nedlands FC Reserves,7,1,8
Australia - NorZone Premier League,Mindil Aces,Darwin Hearts FC,2,1,3
Australia - NorZone Premier League,Hellenic Athletic,Garuda FC,3,0,3
Australia - Queensland Premier League 1,Rochedale Rovers,Broadbeach United,3,0,3
Australia - Queensland Premier League 1,Magic United Tfa,Brisbane Strikers FC,2,1,3
Chile - Primera B,Deportes Temuco,Deportes Copiapo,2,2,4
Chile - Primera B,Union San Felipe,Curico Unido,4,2,6
Chile - Primera B,CSD Rangers,Universidad de Concepcion,0,1,1
Chile - Primera B,San Luis de Quillota,Santiago Wanderers,3,2,5
Argentina - Primera B,CA Excursionistas,Deportivo Merlo,3,1,4
Uruguay - Primera Division,CA Penarol Montevideo,Plaza Colonia,1,0,1
Uruguay - Primera Division,Montevideo Wanderers,Danubio FC,0,2,2
Uruguay - Primera Division,Defensor Sporting,CA Juventud de Las Piedras,1,0,1
Spain - Segunda Federacion,CD Estepona,CD Linares,1,1,2
Spain - Segunda Federacion,CD Atletico Baleares,CD Castellon B,3,0,3
Spain - Segunda Federacion,SD Ejea,UD Mutilvera,2,2,4
Spain - Segunda Federacion,Colonia Moscardo,Real Madrid C,1,2,3
Spain - Segunda Federacion,Puente Genil FC,CD Xerez,2,1,3
Spain - Segunda Federacion,UD San Sebastian Reyes,RSD Alcala,1,0,1
Spain - Segunda Federacion,UD Barbastro,UE Olot,1,1,2
Spain - Segunda Federacion,Atletico Astorga FC,Real Avila CF,1,3,4
Spain - Segunda Federacion,CD Lealtad de Villaviciosa,CD Numancia,1,1,2
Spain - Segunda Federacion,CE Andratx,UE Sant Andreu,1,0,1
Spain - Segunda Federacion,Real Oviedo Vetusta,SD Sarriana,3,2,5
Spain - Segunda Federacion,Deportivo Alaves B,UD Logrones,2,0,2
Spain - Segunda Federacion,UD Poblense,Espanyol Barcelona B,1,0,1
China - China League 1,Dalian Kun City,Heilongjiang Ice City,2,1,3
Wales - Cymru Premier,Bala Town FC,Pen-y-Bont FC,0,0,0
Wales - Cymru Premier,Cardiff Metropolitan University FC,Colwyn Bay,1,4,5
Wales - Cymru Premier,Connah`s Quay Nomads FC,Briton Ferry,1,4,0
Wales - Cymru Premier,Llanelli Town,Flint Town United,0,5,5
Wales - Cymru Premier,The New Saints FC,Haverfordwest County AFC,5,0,5
Japan - Japan Football League,Mio Biwako Shiga,Tiamo Hirakata,3,1,4
Japan - Japan Football League,Reinmeer Aomori,Criacao Shinjuku,2,1,3
Peru - Liga 2,Deportivo Llacuabamba,Deportivo Coopsol,2,0,2
Peru - Liga 2,Santos FC Nasca,Club Ada Jaen,1,2,3
Peru - Liga 2,FC Cajamarca,Ucv Moquegua,2,1,3
"Mexico - Liga de Expansion MX, Apertura",Tlaxcala FC,Alebrijes de Oaxaca FC,2,1,3
"Mexico - Liga de Expansion MX, Apertura",CSD Dorados Sinaloa,Irapuato,0,1,1
"Mexico - Liga de Expansion MX, Apertura",CD Mineros de Zacatecas,Cancun FC,0,0,0
England Amateur - National League North,Alfreton Town FC,Kings Lynn FC,1,1,2
England Amateur - National League North,Bedford Town Football Club,Curzon Ashton FC,2,2,4
England Amateur - National League North,Buxton FC,Oxford City,2,1,3
England Amateur - National League North,Chester FC,Scarborough Athletic,1,1,2
England Amateur - National League North,Chorley FC,AFC Telford United,3,1,4
England Amateur - National League North,Darlington FC,Hereford FC,1,1,2
England Amateur - National League North,Kidderminster Harriers FC,Macclesfield FC,1,1,2
England Amateur - National League North,Merthyr Town,Worksop Town,2,0,2
England Amateur - National League North,Peterborough Sports,AFC Fylde,0,5,5
England Amateur - National League North,Radcliffe FC,Marine FC,4,1,5
England Amateur - National League North,Southport FC,South Shields,0,0,0
England Amateur - National League North,Spennymoor Town FC,Leamington FC,2,0,2
England Amateur - National League South,Chesham United,Bath City FC,0,0,0
England Amateur - National League South,Chippenham Town,Hampton & Richmond Borough,1,1,2
England Amateur - National League South,Dagenham and Redbridge FC,Worthing FC,2,5,7
England Amateur - National League South,Dorking Wanderers,AFC Totton,2,1,3
England Amateur - National League South,Eastbourne Borough,Hemel Hempstead Town,0,0,0
England Amateur - National League South,Ebbsfleet United FC,AFC Hornchurch,1,1,2
England Amateur - National League South,Enfield Town,Weston Super Mare FC,0,1,1
England Amateur - National League South,Farnborough FC,Dover Athletic FC,1,2,3
England Amateur - National League South,Maidenhead United FC,Chelmsford City,2,1,3
England Amateur - National League South,Maidstone United FC,Horsham FC,0,3,3
England Amateur - National League South,Salisbury FC,Tonbridge Angels,1,3,4
England Amateur - National League South,Torquay United,Slough Town,4,2,6
England Amateur - Northern Premier League Premier,Bamber Bridge,Workington AFC,1,2,3
England Amateur - Northern Premier League Premier,FC United of Manchester,Cleethorpes Town FC,2,0,2
England Amateur - Northern Premier League Premier,Gainsborough Trinity,Warrington Town,2,0,2
England Amateur - Northern Premier League Premier,Hebburn Town,Hyde United FC,3,3,6
England Amateur - Northern Premier League Premier,Ilkeston Town FC,Whitby Town,0,1,1
England Amateur - Northern Premier League Premier,Leek Town FC,Guiseley FC,4,0,4
England Amateur - Northern Premier League Premier,Prescot Cables,Morpeth Town,2,1,3
England Amateur - Northern Premier League Premier,Rushall Olympic,Lancaster City,2,3,5
England Amateur - Northern Premier League Premier,Stockton Town,Stocksbridge Park Steels FC,3,2,5
England Amateur - Northern Premier League Premier,Warrington Rylands 1906 FC,Hednesford Town,2,2,4
Ukraine - Persha Liga,FC Viktoriya Sumy,FC Metalist Kharkiv,1,0,1
Spain - Primera Federacion,Tenerife CD,Merida UD,3,0,3
Spain - Primera Federacion,UD Ibiza,Hercules de Alicante CF,2,1,3
Spain - Primera Federacion,CE Europa,Sevilla Atletico,1,1,2
Spain - Primera Federacion,SD Ponferradina,Pontevedra CF,0,1,1
Spain - Primera Federacion,Arenas Club Getxo,CP Cacereno SAD,2,2,4
Spain - Primera Federacion,Barakaldo CF,Zamora CF,1,1,2
Spain - Primera Federacion,AD Alcorcon,CD Teruel,2,1,3
Spain - Primera Federacion,CD Lugo,Real Aviles CF,0,0,0
Spain - Primera Federacion,Club Deportivo Eldense,Villarreal CF B,1,0,1
Argentina - Primera Nacional,Club Atletico Atlanta,CA Guemes,1,0,1
Argentina - Primera Nacional,CA Estudiantes,Nueva Chicago,2,0,2
Argentina - Primera Nacional,CA All Boys,Gimnasia Y Tiro de Salta,1,1,2
Argentina - Primera Nacional,CA Temperley,CA Talleres de Remedios,1,0,1
Serbia - Prva Liga,FK Jedinstvo UB,OFK Vrsac,2,2,4
Serbia - Prva Liga,FK Borac Cacak,FK Kabel Novi Sad,0,0,0
Serbia - Prva Liga,FK Loznica,Gfk Dubocica,1,0,1
Serbia - Prva Liga,FK Smederevo 1924,RFK Graficar Beograd,0,1,1
Serbia - Prva Liga,FK Zemun,FK Macva Sabac,1,0,1
Uruguay - Segunda Division,CS Cerrito,CA Atenas de San Carlos,0,3,3
Uruguay - Segunda Division,Club Oriental de Football,Albion FC,0,0,0
England Amateur - Southern League Premier Central,AFC Sudbury,Banbury United,2,1,3
England Amateur - Southern League Premier Central,Barwell,Needham Market,1,1,2
England Amateur - Southern League Premier Central,Bishop´s Stortford,Stourbridge FC,0,1,1
England Amateur - Southern League Premier Central,Bromsgrove Sporting,St Ives Town,0,4,4
England Amateur - Southern League Premier Central,Harborough Town FC,Halesowen Town FC,1,1,2
England Amateur - Southern League Premier Central,Leiston FC,Quorn FC,2,3,5
England Amateur - Southern League Premier Central,Real Bedford,Redditch United,0,2,2
England Amateur - Southern League Premier Central,Royston Town,Alvechurch,0,3,3
England Amateur - Southern League Premier Central,Stamford AFC,Bury Town FC,0,2,2
England Amateur - Southern League Premier Central,Stourbridge FC,Bishop´s Stortford,0,2,0
England Amateur - Southern League Premier Central,Stratford Town,Spalding United,2,2,4
England Amateur - Southern League Premier Central,Worcester City,Kettering Town,1,1,2
England Amateur - Southern League Premier South,Basingstoke Town FC,Hungerford Town FC,1,2,3
England Amateur - Southern League Premier South,Berkhamsted FC,Wimborne Town,0,3,3
England Amateur - Southern League Premier South,Farnham Town,Sholing FC,2,2,4
England Amateur - Southern League Premier South,Gloucester City,Dorchester Town,2,0,2
England Amateur - Southern League Premier South,Havant & Waterlooville,Plymouth Parkway,1,0,1
England Amateur - Southern League Premier South,Poole Town,Chertsey Town,1,0,1
England Amateur - Southern League Premier South,Tiverton Town,Bracknell Town FC,2,0,2
England Amateur - Southern League Premier South,Uxbridge FC,Taunton Town,2,2,4
England Amateur - Southern League Premier South,Walton and Hersham FC,Evesham United,2,1,3
England Amateur - Southern League Premier South,Weymouth FC,Hanwell Town FC,0,0,0
England Amateur - Southern League Premier South,Yate Town,Gosport Borough,1,1,2
Poland - 1. Liga,Wieczysta Krakow,Wisla Krakow,1,1,0
"Sweden - Ettan, Norra",FC Arlanda,AFC Eskilstuna,2,1,3
"Sweden - Ettan, Norra",Karlbergs BK,IFK Stocksund,3,2,5
"Sweden - Ettan, Norra",Gefle IF,IFK Haninge,2,0,2
"Sweden - Ettan, Norra",Sollentuna FK,Orebro Syrianska IF,3,1,4
"Sweden - Ettan, Sodra",FC Trollhattan,Eskilsminne IF,1,2,3
"Sweden - Ettan, Sodra",Oskarshamns AIK,Husqvarna FF,1,3,4
"Sweden - Ettan, Sodra",Angelholms FF,FC Rosengaard 1917,1,1,2
"Sweden - Ettan, Sodra",IFK Skovde FK,Torslanda IK,2,1,3
Northern Ireland - Premiership,Ballymena United,Glentoran FC,0,2,2
Northern Ireland - Premiership,Bangor FC,Larne FC,0,2,2
Northern Ireland - Premiership,Carrick Rangers,Cliftonville FC,1,2,3
Northern Ireland - Premiership,Crusaders FC,Coleraine FC,0,4,4
Northern Ireland - Premiership,Glenavon FC,Dungannon Swifts,0,2,2
Northern Ireland - Premiership,Linfield FC,Portadown FC,3,0,3
"Spain Amateur - Tercera Federacion, Group 1",CA Arteixo,Gran Pena FC,4,1,5
"Spain Amateur - Tercera Federacion, Group 1",CD Estradense,CD Boiro,1,0,1
"Spain Amateur - Tercera Federacion, Group 11",CD Llosetense,CD Platges de Calvia,1,0,1
"Spain Amateur - Tercera Federacion, Group 11",CD Constancia,SD Portmany,4,0,4
"Spain Amateur - Tercera Federacion, Group 12",CD Herbania,CD San Miguel,2,2,4
"Spain Amateur - Tercera Federacion, Group 12",UD Las Palmas C,CD Union Sur Yaiza,0,1,1
"Spain Amateur - Tercera Federacion, Group 12",CF Panaderia Pulido,UD Villa Santa Brigida,2,1,3
"Spain Amateur - Tercera Federacion, Group 12",Real Union de Tenerife Santa Cruz,SD Tenisca,2,1,3
"Spain Amateur - Tercera Federacion, Group 13",Yeclano Deportivo B,El Palmar CF-Estrella Grana,2,1,3
"Spain Amateur - Tercera Federacion, Group 13",CA Pulpileno,UCAM Murcia II,1,1,2
"Spain Amateur - Tercera Federacion, Group 13",FC Cartagena B,Union Molinense CF 2020,1,2,3
"Spain Amateur - Tercera Federacion, Group 14",Moralo CP,SP Villafranca,1,1,2
"Spain Amateur - Tercera Federacion, Group 15",Udc Txantrea Kke,CD Huarte,2,1,3
"Spain Amateur - Tercera Federacion, Group 15",CD Pamplona,CD Egues,4,2,6
"Spain Amateur - Tercera Federacion, Group 15",FC Bidezarra,CD Cortes Navarre,0,1,1
"Spain Amateur - Tercera Federacion, Group 16",Pena Balmaiso CF,CD Berceo,2,2,4
"Spain Amateur - Tercera Federacion, Group 16",Yague CF,Autol,4,0,4
"Spain Amateur - Tercera Federacion, Group 17",CDJ Tamarite,CD Cuarte,0,0,0
"Spain Amateur - Tercera Federacion, Group 17",CD Utrillas,Illueca CF,1,1,2
"Spain Amateur - Tercera Federacion, Group 18",CD Sonseca,CD Illescas,1,1,2
"Spain Amateur - Tercera Federacion, Group 18",Calvo Sotelo Puertollano,Atletico Albacete,1,3,4
"Spain Amateur - Tercera Federacion, Group 18",CD Marchamalo,CD Guadalajara B,1,1,2
"Spain Amateur - Tercera Federacion, Group 18",CD Tarancon,CD Toledo Sad,1,1,2
"Spain Amateur - Tercera Federacion, Group 18",CD Villacanas,CD Manchego Ciudad Real,1,0,1
"Spain Amateur - Tercera Federacion, Group 18",Villarrubia CF,CD Cazalegas,2,1,3
"Spain Amateur - Tercera Federacion, Group 3",SD Atletico Albericia,CD Montanas Del Pas,4,3,7
"Spain Amateur - Tercera Federacion, Group 3",CD Bezana,CD Revilla,1,0,1
"Spain Amateur - Tercera Federacion, Group 4",SD Leioa,Pasaia Ke,0,1,1
"Spain Amateur - Tercera Federacion, Group 4",Zarautz Ke,UD Aretxabaleta,1,0,1
"Spain Amateur - Tercera Federacion, Group 4",Touring Ke,Club Portugalete,1,2,3
"Spain Amateur - Tercera Federacion, Group 5",CE L'Hospitalet,CP San Cristobal,1,0,1
"Spain Amateur - Tercera Federacion, Group 5",CE Manresa,Cfj Mollerussa,2,2,4
"Spain Amateur - Tercera Federacion, Group 5",CF Can Vidalet,Club Lleida Esportiu,1,0,1
"Spain Amateur - Tercera Federacion, Group 5",UE Vic,UE Cornella,0,1,1
"Spain Amateur - Tercera Federacion, Group 6",CF La Nucia,CD Roda,1,1,2
"Spain Amateur - Tercera Federacion, Group 6",Ontinyent CF,AC Torrellano,0,1,1
"Spain Amateur - Tercera Federacion, Group 6",Hercules CF B,Atzeneta UE,0,3,3
"Spain Amateur - Tercera Federacion, Group 7",CD Leganes B,AD Alcorcon B,0,0,0
"Spain Amateur - Tercera Federacion, Group 8",CD Mojados,UD Santa Marta,1,3,4
"Spain Amateur - Tercera Federacion, Group 8",CD Mirandes B,CD Becerril,4,1,5
"Spain Amateur - Tercera Federacion, Group 8",Cultural Deportiva Leonesa B,CD Virgen Del Camino,0,1,1
"Spain Amateur - Tercera Federacion, Group 8",Palencia CF,Arandina CF,4,0,4
"Spain Amateur - Tercera Federacion, Group 8",Unionistas de Salamanca CF B,Atletico Tordesillas,1,1,2
"Spain Amateur - Tercera Federacion, Group 9",El Palo FC,Arenas Armilla CD,0,2,2
"Spain Amateur - Tercera Federacion, Group 9",CD Alhaurino,FC Marbelli,1,2,3
"Spain Amateur - Tercera Federacion, Group 9",CD Huetor Vega,UD Melilla B,2,0,2
Finland - Ykkosliiga,JIPPO,FC Lahti,1,0,1
Finland - Ykkosliiga,SalPa,PK-35 Helsinki,1,2,3
Slovakia - 2. Liga,MFK Tatran Liptovsky Mikulas,Slovan Bratislava B,2,1,3
Slovakia - 2. Liga,MSK Puchov,FK Pohronie Ziar Nad Hronom Dolna Zdana,3,1,4
Slovakia - 2. Liga,OFK Banik Lehota Pod Vtacnikom,FC STK 1914 Samorin,2,1,3
Canada - Canadian Premier League,Forge FC Hamilton,HFX Wanderers FC,1,0,1
Canada - Canadian Premier League,Vancouver Langley FC,Valour FC,2,5,7
Canada - Canadian Premier League,York United FC,Cavalry FC,3,1,4
Czechia - CFL,FK Arsenal Ceska Lipa,Velke Hamry,2,0,2
Czechia - CFL,Tj Jiskra Domazlice,FK Pribram B,0,2,2
Czechia - CFL,Tj Jiskra Usti Nad Orlici,FK Pardubice B,1,1,2
Czechia - CFL,Tj Slovan Velvary,N. Byskovice,3,3,6
Czechia - CFL,FK Teplice B,SK Zapy,1,1,2
Czechia - CFL,FK Jablonec B,SK Sparta Kolin,5,2,7
Czechia - CFL,Loko Vltavin,FK Admira Prague,1,3,4
Czechia - CFL,SK Slavia Prague C,SK Dynamo Ceske Budejovice B,2,2,4
Czechia - CFL,ZCE Plzen,SK Aritma Prague,3,3,6
Northern Ireland - Championship,Armagh City FC,Loughgall FC,0,0,0
Northern Ireland - Championship,Dundela FC,Annagh United FC,0,3,3
Northern Ireland - Championship,Harland And Wolff Welders,Ards FC,1,2,3
Northern Ireland - Championship,Institute FC,Warrenpoint Town FC,1,0,1
Northern Ireland - Championship,Limavady United FC,Queens University,3,0,3
"Sweden - Division 2, Norra Gotaland",Grebbestads IF,Lidkopings FK,3,1,4
"Sweden - Division 2, Norra Gotaland",IFK Kumla,IF Haga,0,0,0
"Sweden - Division 2, Norra Gotaland",Herrestads AIF,Skara FC,0,1,1
"Sweden - Division 2, Norra Svealand",Skiljebo SK,Korsnas IF FK,2,3,5
"Sweden - Division 2, Norra Svealand",Sunnersta AIF,IK Franke,1,3,4
"Sweden - Division 2, Norra Svealand",Taby FK,IFK Osteraaker FK,4,0,4
"Sweden - Division 2, Norrland",Kiruna FF,Friska Viljor FC,2,4,6
"Sweden - Division 2, Norrland",Lucksta IF,Taftea IK,1,3,4
"Sweden - Division 2, Norrland",Piteaa IF,Kubikenborgs IF,3,2,5
"Sweden - Division 2, Sodra Gotaland",FBK Balkan,IFK Karlshamn,2,1,3
"Sweden - Division 2, Sodra Gotaland",Nosaby IF,Torns IF,2,0,2
"Sweden - Division 2, Sodra Gotaland",IFK Trelleborg,Rappe GOIF,1,2,3
"Sweden - Division 2, Sodra Gotaland",Vaxjo Norra,Kristianstad FC,0,2,2
"Sweden - Division 2, Sodra Svealand",IF Sylvia,FOC Farsta,1,0,1
"Sweden - Division 2, Sodra Svealand",Arameisk-Syrianska IF,Enskede IK,2,1,3
"Sweden - Division 2, Sodra Svealand",BK Forward,Syrianska FC,2,2,4
"Sweden - Division 2, Vastra Gotaland",BK Astrio,IF Boljan Falkenberg,2,3,5
"Sweden - Division 2, Vastra Gotaland",Laholms FK,Landvetter IS,4,2,6
"Sweden - Division 2, Vastra Gotaland",Bergdalens IK,Hestrafors IF,1,5,6
"Paraguay - Division de Honor, Clausura",Club General Caballero JLM,Libertad Asuncion,0,0,0
"Paraguay - Division de Honor, Clausura",Nacional Asuncion,CD Recoleta,1,0,1
Poland - II Liga,Rekord Bielsko Biala,KKS 1925 Kalisz,0,1,1
Poland - II Liga,Podhale Nowy Targ,Unia Skierniewice,1,0,1
"Poland - III Liga, Group 1",GKS Belchatow,Zabkovia Zabki,3,6,9
"Poland - III Liga, Group 1",KS Wasilkow,MKS Mlawianka Mlawa,0,0,0
"Poland - III Liga, Group 1",Swit Nowy Dwor Mazowiecki,KS Warta Sieradz,0,1,1
"Poland - III Liga, Group 1",KS Ck Troszyn,Widzew Lodz II,6,0,6
"Poland - III Liga, Group 1",LKS 1926 Lomza,PKS Olimpia Elblag,3,0,3
"Poland - III Liga, Group 1",Jagiellonia II Bialystok,Mlks Znicz Biala Piska,0,0,0
"Poland - III Liga, Group 2",KS Lipno Steszew,Gzs Tluchovia Tluchowo,0,2,2
"Poland - III Liga, Group 2",MKS Viktoria Wrzesnia,Blekitni Stargard,1,3,4
"Poland - III Liga, Group 2",Zks Kluczevia Stargard,LKS Wybrzeze Rewalskie Rewal,0,0,0
"Poland - III Liga, Group 2",Elana Torun,MKS Flota Swinoujscie,3,2,5
"Poland - III Liga, Group 2",GKS Przodkowo,Polonia Sroda Wielkopolska,1,1,2
"Poland - III Liga, Group 3",KS Lechia Zielona Gora,KS Sleza Wroclaw,5,0,5
"Poland - III Liga, Group 3",Warta Gorzow Wielkopolski,LZS Starowice,1,1,2
"Poland - III Liga, Group 3",GKS Pniowek Pawlowice,Mkp Carina Gubin,0,2,2
"Poland - III Liga, Group 3",Slowianin Woliborz,Gornik Zabrze II,3,2,5
"Poland - III Liga, Group 3",BKS Sparta Katowice,LKS Goczalkowice-Zdroj,0,0,0
"Poland - III Liga, Group 4",Cracovia Krakow II,Avia Swidnik,4,5,9
"Poland - III Liga, Group 4",MKS Podlasie Biala Podlaska,Wislanie Jaskowice,2,2,4
"Poland - III Liga, Group 4",Pogon Sokol Lubaczow,KS Naprzod Jedrzejow,1,0,1
"Poland - III Liga, Group 4",Siarka Tarnobrzeg,Korona II Kielce SA,3,1,4
"Poland - III Liga, Group 4",Swidniczanka Swidnik,Chelmianka Chelm,1,1,2
"Poland - III Liga, Group 4",Sparta Kazimierza Wielka,FKS Stal Krasnik,0,4,4
"England Amateur - Isthmian League, Pr. Div",Aveley FC,St Albans City,1,1,2
"England Amateur - Isthmian League, Pr. Div",Billericay Town,Ramsgate FC,2,2,4
"England Amateur - Isthmian League, Pr. Div",Brentwood Town FC,Carshalton Athletic FC,3,2,5
"England Amateur - Isthmian League, Pr. Div",Cheshunt FC,Burgess Hill Town,1,1,2
"England Amateur - Isthmian League, Pr. Div",Chichester City FC,Potters Bar Town FC,1,3,4
"England Amateur - Isthmian League, Pr. Div",Cray Valley Paper Mills FC,Hashtag United,1,2,3
"England Amateur - Isthmian League, Pr. Div",Dartford FC,Canvey Island,2,2,4
"England Amateur - Isthmian League, Pr. Div",Dulwich Hamlet,Welling United,3,1,4
"England Amateur - Isthmian League, Pr. Div",Folkestone Invicta,Whitehawk FC,4,1,5
"England Amateur - Isthmian League, Pr. Div",Lewes FC,Cray Wanderers,2,2,4
"England Amateur - Isthmian League, Pr. Div",Wingate & Finchley,Chatham Town,0,3,3
Czechia - Krajsky prebor,Olympia Rajecko,FK Banik Ratiskovice,4,1,5
Czechia - Krajsky prebor,FC Pencin A,SK Stap Tratec Vilemov,3,2,5
Czechia - Krajsky prebor,Tatran Kohoutovice,Tj Moravan Lednice,4,3,7
"Panama - Liga Panamena, Clausura",Alianza FC,Veraguas United FC,1,0,1
"Panama - Liga Panamena, Clausura",CD Universitario Penonome,CD Plaza Amador Panama City,1,3,4
Israel - State Cup,FC Beer Sheva Shuaa,Otzma Beer Sheva,6,0,6
Israel - State Cup,Hapoel Bnei Deir Al Asad,MS Shfaram,2,1,3
"International Youth - U23 AFC Championship, Qualification","Hong Kong, China",United Arab Emirates,0,2,2
"International Youth - U23 AFC Championship, Qualification",India,Qatar,1,2,3
"International Youth - U23 AFC Championship, Qualification",Chinese Taipei,Jordan,0,6,6
"International Youth - U23 AFC Championship, Qualification",Philippines,Tajikistan,1,0,1
"International Youth - U23 AFC Championship, Qualification",Brunei Darussalam,Bahrain,0,10,10
"International Youth - U23 AFC Championship, Qualification",Bhutan,Turkmenistan,0,2,2
"International Youth - U23 AFC Championship, Qualification",Kyrgyzstan,Uzbekistan,2,2,4
"International Youth - U23 AFC Championship, Qualification",Nepal,Syria,2,4,6
"International Youth - U23 AFC Championship, Qualification",Afghanistan,Kuwait,0,1,1
"International Youth - U23 AFC Championship, Qualification",Lebanon,Thailand,2,2,4
"International Youth - U23 AFC Championship, Qualification",Macao,Indonesia,0,5,5
"International Youth - U23 AFC Championship, Qualification",Pakistan,Cambodia,0,1,1
"International Youth - U23 AFC Championship, Qualification",Singapore,Vietnam,0,1,1
"International Youth - U23 AFC Championship, Qualification",Sri Lanka,Palestine,0,5,5
"International Youth - U23 AFC Championship, Qualification",Myanmar,Japan,1,2,3
"International Youth - U23 AFC Championship, Qualification",Bangladesh,Yemen,0,1,1
"International Youth - U23 AFC Championship, Qualification",Mongolia,Malaysia,0,7,7
"International Youth - U23 AFC Championship, Qualification",Oman,Iraq,0,1,1
"International Youth - U23 AFC Championship, Qualification",Laos,Republic of Korea,0,7,7
"International Youth - U23 AFC Championship, Qualification",Timor-Leste,Australia,0,6,6
Slovenia - 2. Liga,Nafta 1903 Lendava,ND Gorica,1,0,1
Slovenia - 2. Liga,NK Bilje,Nd Dravinja,2,0,2
Slovenia - 2. Liga,NK Bistrica Slovenska Bistrica,NK Krsko Posavje,6,0,6
Slovenia - 2. Liga,NK Dekani,Ilirija Ljubljana,3,1,4
Slovenia - 2. Liga,Tabor Sezana,NK Jesenice,1,0,1
Brazil - Brasileiro Serie C,Sao Bernardo FC,Londrina EC PR,2,2,4
Brazil - Brasileiro Serie C,Guarani FC SP,AA Ponte Preta SP,0,1,1
Panama - Liga Prom,Aguilas de la Universidad de Panama,La Familia FC,5,0,5
Panama - Liga Prom,Aguilas UP,La Familia FC,5,0,5
Panama - Liga Prom,CA Independiente B,Herrera FC,13,0,13
Panama - Liga Prom,Champions FC Academy,CD Plaza Amador,3,4,7
Czechia - MSFL,SFK Vrchovina,Fotbal Frydek Mistek,4,1,5
Czechia - MSFL,FC Vsetin,MFK Vitkovice,3,1,4
Belarus - Pervaya Liga,FC Volna Pinsk,FK Bumprom,0,1,1
Belarus - Pervaya Liga,FC Baranovichi,FC Bate Borisov 2,4,1,5
Belarus - Pervaya Liga,FC Gomel 2,FC Dnepr Mogilev,2,3,5
Belarus - Pervaya Liga,FC Minsk 2,FC Belshina Bobruisk,1,1,2
"Argentina - Primera LPF, Reserves",CA Talleres de Cordoba Reserve,CA Belgrano,0,4,4
"Argentina - Primera LPF, Reserves",Boca Juniors,CA River Plate (Arg),1,1,2
Croatia - Prva NL,NK Karlovac 1919,NK Dugopolje,1,0,1
Croatia - Prva NL,NK Dubrava Zagreb,NK Hrvace,2,1,3
Croatia - Prva NL,Orijent 1919 Rijeka,NK BSK Bijelo Brdo,1,1,2
"Russia - 2. Liga, Division B, Group 1",Dinamo Stavropol,FC Sochi II,2,1,3
"Russia - 2. Liga, Division B, Group 1",FC Druzhba Maykop,Pobeda Khasavyurt,1,2,3
"Russia - 2. Liga, Division B, Group 1",FK Rostov 2,FC Spartak Nalchik,4,1,5
"Russia - 2. Liga, Division B, Group 1",FC Rubin Yalta,FC Legion Makhachkala,2,2,4
"Russia - 2. Liga, Division B, Group 1",FC Astrakhan,FK Angusht Nazran,0,0,0
"Russia - 2. Liga, Division B, Group 1",FC Dynamo-2 Makhachkala,FC Sevastopol,1,4,5
"Russia - 2. Liga, Division B, Group 1",FC Nart Cherkessk,FC Kuban Holding Pavlovskaya,3,2,5
"Russia - 2. Liga, Division B, Group 3",Dinamo St Petersburg,FC Dynamo Bryansk,1,2,3
"Russia - 2. Liga, Division B, Group 3",FC Metallurg Lipetsk,FC Kvant Obninsk,1,1,2
"Russia - 2. Liga, Division B, Group 3",FK Salyut Belgorod,FK Ryazan,5,0,5
"Russia - 2. Liga, Division B, Group 3",Ska-Khabarovsk-2,Spartak Tambov,0,2,2
North Macedonia - 2. MFL,FK Skopje,KF Shkendija Haracine,2,2,4
North Macedonia - 2. MFL,GFK Ohrid,GFK Osogovo Kocani,2,0,2
Norway - 2nd Division Group 1,Flekkeroy IL,Notodden FK,2,2,4
Norway - 2nd Division Group 1,SK Brann 2,Lysekloster,0,4,4
Norway - 2nd Division Group 1,Pors Grenland,FK Eik Toensberg 871,0,2,2
Norway - 2nd Division Group 1,Vard Haugesund,IL Sandviken,1,1,2
Norway - 2nd Division Group 2,Grorud IL,Levanger FK,5,1,6
Norway - 2nd Division Group 2,Ullensaker/Kisa,Stjordals-Blink,3,3,6
Norway - 2nd Division Group 2,Follo,Eidsvold TF,1,1,2
Norway - 2nd Division Group 2,Strindheim TF,Asker Fotball,4,1,5
Norway - 2nd Division Group 2,Stroemmen IF,Alta IF,6,0,6
"El Salvador - Primera Division, Apertura",CD Hercules,CD Platense Municipal Zacatecoluca,6,0,0
Paraguay - Segunda Division,Carapegua,Pastoreo FC,0,2,2
Paraguay - Segunda Division,Club Fernando de La Mora,Guarani de Fram,1,0,1
Chile - Tercera Division,CDS Constitucion Unido,CD Imperial Unido,1,4,5
Chile - Tercera Division,Comunal Cabrero,Colchagua,1,1,2
Chile - Tercera Division,Colegio Quillon,Lota Schwager,1,2,3
Chile - Tercera Division,Aguara,Deportes Colina,2,3,5
Chile - Tercera Division,CD Municipal Mejillones,Club de Deportes Malleco Unido,0,3,3
Chile - Tercera Division,Chimbarongo,Lautaro de Buin,0,2,2
Argentina - Torneo Regional Federal Amateur,Sportivo Desamparados,Atletico Marquesado,1,2,3
Norway - 3rd Division Group 1,IF Floeya,Baerum SK,1,2,3
Norway - 3rd Division Group 1,Gamle Oslo FK,KFUM 2,7,0,7
Norway - 3rd Division Group 2,Tiller IL,Aalesund 2,1,4,5
Norway - 3rd Division Group 2,Byaesen,Rosenborg BK 2,1,1,2
Norway - 3rd Division Group 2,Nardo FK,Ranheim 2,3,1,4
Norway - 3rd Division Group 2,Surnadal,Trygg/Lade,1,1,2
Norway - 3rd Division Group 2,Kristiansund BK 2,Volda,0,2,2
Norway - 3rd Division Group 2,Spjelkavik IL,Molde FK 2,6,1,7
Norway - 3rd Division Group 3,Stroemsgodset 2,Aassiden,2,0,2
Norway - 3rd Division Group 3,Elverum,Skedsmo,5,2,7
Norway - 3rd Division Group 3,FK Gjoevik-Lyn,Lillehammer FK,1,1,2
Norway - 3rd Division Group 3,Nordstrand,Lorenskog IF,0,3,3
Norway - 3rd Division Group 3,Skjetten,Bjoerkelangen,3,0,3
Norway - 3rd Division Group 4,Lyngbo,Foerde,1,2,3
Norway - 3rd Division Group 4,Gneist,Bjarg,1,2,3
Norway - 3rd Division Group 4,Lyn 1896 FK II,FK Fyllingsdalen,4,4,8
Norway - 3rd Division Group 4,Loddefjord,Sandefjord Fotball 2,0,2,2
Norway - 3rd Division Group 4,Valerenga IF 2,Fjoera FK,3,1,4
Norway - 3rd Division Group 5,Torvastad,Vindbjart FK,1,1,2
Norway - 3rd Division Group 5,Brodd,SK Djerv 1919,1,3,4
Norway - 3rd Division Group 5,FK Haugesund 2,Viking FK 2,0,1,1
Norway - 3rd Division Group 5,Sandnes Ulf 2,Stord FK,3,4,7
Norway - 3rd Division Group 5,Staal Joerpeland IL,FK Vidar,3,1,4
Guatemala - Segunda Division de Ascenso,CF USAC,Deportivo Fraijanes,2,2,4
Iceland - 1. deild,Fylkir Reykjavik,Volsungur,1,2,3
Iceland - 1. deild,HK Kopavogur,Throttur Reykjavik,5,2,7
Iceland - 1. deild,Keflavik IF,UMF Njardvik,2,1,3
Iceland - 1. deild,Leiknir Reykjavik,UMF Selfoss,2,0,2
Iceland - 1. deild,Thor Akureyri,Fjolnir,2,1,3
Iceland - 1. deild,UMF Grindavik,IR Reykjavik,3,1,4
Brazil - Brasileiro Serie D,AS Arapiraquense AL,Maranhao AC MA,0,3,3
Brazil - Brasileiro Serie D,AA Internacional Limeira SP,Goiatuba EC GO,1,0,1
Brazil - Brasileiro Serie D,Barra FC SC,Cianorte FC PR,1,0,1
Bolivia - Copa Simon Bolivar,Union Tarija,Primero de Mayo FC,0,1,1
Bolivia - Copa Simon Bolivar,CA Chocorosi,Ciudad Nueva Santa Cruz,0,3,3
Bolivia - Copa Simon Bolivar,Nacional Sucre,CD Torre Fuerte,3,2,5
Bolivia - Copa Simon Bolivar,Integracion Del Norte San Juan FC,CD Ingenio,4,1,5
Iceland - 2. deild,KF Aegir,Dalvik Reynir,2,1,3
Iceland - 2. deild,Haukar Hafnarfjordur,Grotta,0,6,6
Iceland - 2. deild,Kfa,UMF Vidir,2,0,2
Iceland - 2. deild,Kormakur/Hvot,KFG Gardabaer,3,1,4
Iceland - 2. deild,Throttur Vogum,Hottur/Huginn,2,1,3
Iceland - 2. deild,Vikingur Olafsvik,Kari,2,4,6
Brazil - Copa Paulista,Oeste FC SP,EC XV de Novembro SP,0,1,1
"Brazil - Paraibano, Serie B",Sao Paulo Crystal FC PB,Miramar PB,1,1,2
Algeria - Ligue 1,JS Kabylie,Olympique Akbou,0,0,0
Algeria - Ligue 1,Paradou AC,USM Alger,0,1,1
Algeria - Ligue 1,USM Khenchela,CR Belouizdad,1,1,2
"Italy - Serie C, Group B",Ascoli Calcio 1898,Juventus FC,0,0,0
"Italy - Serie C, Group B",ASD Torres Sassari,US Pianese,0,2,2
"Italy - Serie C, Group B",Athletic Carpi,SSD Citta Di Campobasso,2,2,4
"Italy - Serie C, Group B",SS Arezzo,Vis Pesaro 1898,1,0,1
"Italy - Serie C, Group B",AS Gubbio,Perugia Calcio Spa,1,1,2
"Italy - Serie C, Group C",Calcio Catania,SS Monopoli,4,0,4
"Italy - Serie C, Group C",Casertana FC,Potenza Calcio,3,2,5
"Italy - Serie C, Group C",S.S.D. Casarano Calcio,Benevento,1,0,1
"Italy - Serie C, Group C",ASD Sorrento 1945,Trapani Calcio,1,2,3
"Italy - Serie C, Group C",FC Giugliano 1928,Calcio Foggia,1,0,1
Iceland - 3. deild,IH Hafnarfjordur,UMF Tindastoll,2,9,11
Iceland - 3. deild,KF Fjallabyggd,Reynir Sandgerdi,0,3,3
Iceland - 3. deild,KFK,Augnablik Kopavogur,1,6,7
Iceland - 3. deild,KV Vesturbaer,Ymir Kopavogur,3,5,8
International Clubs - CECAFA Kagame Cup,Mlandege FC,Apr FC,0,2,2
International Clubs - CECAFA Kagame Cup,Bumamuru FC,Kmc FC,0,1,1
New Zealand - National League,Nelson Suburbs FC,Christchurch United FC,0,4,4
Germany Amateur - Regionalliga Bavaria,TSV Aubstadt,FC Augsburg II,2,0,2
Germany Amateur - Regionalliga Bavaria,VfB Eichstatt,SpVgg Unterhaching,1,1,2
Austria Amateur - Regionalliga Centre,USV St. Anna am Aigen,Atus Velden,1,1,2
Austria Amateur - Regionalliga Centre,SV Lafnitz,Deutschlandsberger SC,1,1,2
Germany Amateur - Regionalliga North,VfB Oldenburg,HSC Hannover,6,1,7
Germany Amateur - Regionalliga North,SV Drochtersen/Assel,1. FC Phonix Lubeck,4,0,4
Germany Amateur - Regionalliga North,SV Werder Bremen II,Blau-Weiss Lohne,6,2,8
Germany Amateur - Regionalliga North,VfB Lubeck,Altonaer FC Von 1893,1,2,3
Austria Amateur - Regionalliga Ost,SC Wiener Viktoria,Wiener Sport-Club,0,1,1
Austria Amateur - Regionalliga Ost,SR Donaufeld,SC Retz,2,0,2
Germany Amateur - Regionalliga Southwest,Bahlinger SC,SV Sandhausen,1,3,4
Germany Amateur - Regionalliga Southwest,Eintracht Trier,FC Bayern Alzenau,3,0,3
Germany Amateur - Regionalliga Southwest,FSV Mainz II,SG Barockstadt Fulda-Lehnerz,2,2,4
Germany Amateur - Regionalliga Southwest,KSV Hessen Kassel,SG Sonnenhof Grossaspach,2,2,4
Germany Amateur - Regionalliga Southwest,TSG Balingen 1848,FSV Frankfurt 1899,0,2,2
Germany Amateur - Regionalliga Southwest,TSV Steinbach Haiger,Stuttgarter Kickers,0,1,1
Austria Amateur - Regionalliga West,FC Pinzgau Saalfelden,FC Lauterach,2,1,3
Austria Amateur - Regionalliga West,FC Dornbirn,SK Bischofshofen,3,0,3
Austria Amateur - Regionalliga West,TSV St. Johann,VfB Hohenems,1,2,3
Austria Amateur - Regionalliga West,SCR Altach,SV Kuchl,3,4,7
Austria Amateur - Regionalliga West,SV Wals-Grunau,FC Lustenau,6,3,9
Austria Amateur - Salzburger Liga,SV Anthering,UFC SV Hallwang,4,3,7
"Finland - Kakkonen, Group A",JPS,Hapk,3,1,4
"Finland - Kakkonen, Group B",PPJ Helsinki,Musan Salama,1,0,1
"Finland - Kakkonen, Group B",Atlantis FC/Akatemia,Nurmijarven Jalkapalloseura,0,4,4
Germany Amateur - Oberliga Baden-Wurttemberg,TSV Essingen,VfR Aalen,0,2,2
Germany Amateur - Oberliga Baden-Wurttemberg,1. CfR Pforzheim,SV Oberachern,3,2,5
Montenegro - 2. CFL,FK Kom,FK Rudar Pljevlja,0,1,1
Montenegro - 2. CFL,FK Podgorica,FK Iskra Danilovgrad,0,1,1
Montenegro - 2. CFL,FK Lovcen,FK Otrant-Olympic Ulcinj,0,3,3
Montenegro - 2. CFL,FK Berane,FK Internacional Podgorica,2,0,2
Montenegro - 2. CFL,FK Igalo 1929,OFK Grbalj,0,2,2
Malaysia - M3 League,Imigresen FC II,Bunga Raya FC,4,0,4
Oman - Professional League Cup,Ibri,Al-Nahda,0,3,3
Oman - Professional League Cup,Saham,Al Khaboora,0,3,0
Oman - Professional League Cup,Dhofar Club,Samail,0,0,0
"Greece - Regional Cup, Final round",Pelopas Kiatou,AO Loutraki,5,4,9
Bulgaria - Vtora Liga,FC Dunav 2010,PFC Belasitsa Petrich,3,0,3
Bulgaria - Vtora Liga,Gorna Oryahovitsa,SFC Etar Veliko Tarnovo,0,1,1
Bulgaria - Vtora Liga,CSKA Sofia II,PFC Chernomorets Burgas,1,1,2
Bulgaria - Vtora Liga,FC Fratria Varna,PFC Ludogorets Razgrad II,5,0,5
Bulgaria - Vtora Liga,FC Yantra Gabrovo,FK Sevlievo,3,0,3
Bulgaria - Vtora Liga,PFC Spartak Pleven,FK Hebar Pazardzhik,1,2,3
Germany Amateur - Bayernliga North,FC Coburg,ASV Cham,1,1,2
Germany Amateur - Bayernliga North,SV Fortuna Regensburg,Wurzburger FV,5,1,6
Germany Amateur - Bayernliga South,FC Pipinsried,SV Heimstetten,2,4,6
Germany Amateur - Bayernliga South,SV Kirchanschoring,TSV Landsberg am Lech,1,1,2
Germany Amateur - Bayernliga South,Turkspor Augsburg,FC Ismaning,3,2,5
Germany Amateur - Bayernliga South,FC Deisenhofen,TSV 1860 Munich II,1,2,3
Germany Amateur - Bayernliga South,SV Erlbach,TSV 1861 Nordlingen,1,1,2
Germany Amateur - Bremen Liga,SG Aumund-Vegesack,OSC Bremerhaven,0,3,3
Germany Amateur - Bremen Liga,SV Hemelingen,Blumenthaler SV,1,1,2
Germany Amateur - Hessenliga,Eintracht Stadtallendorf,Eintracht Frankfurt II,2,2,4
Germany Amateur - Hessenliga,FC Giessen,Csc 03 Kassel,4,0,4
Luxembourg - Promotion d'Honneur,FC Schifflingen 95,US Feulen,0,2,2
Luxembourg - Promotion d'Honneur,FC Koeppchen Wormeldange,FC Rm Hamm Benfica,2,0,2
Luxembourg - Promotion d'Honneur,FC Wiltz 71,The Belval Belvaux,3,0,3
Luxembourg - Promotion d'Honneur,Residence Walferdange,FC Lorentzweiler,4,1,5
Luxembourg - Promotion d'Honneur,FC Etzella Ettelbruck,Berdenia Berbourg,1,2,3
Wales - Cymru Championship South,Baglan Dragons,Trefelin BGC,1,1,2
Wales - Cymru Championship South,Cardiff Draconians,Aberystwyth Town FC,3,1,4
Wales - Cymru Championship South,Llantwit Major,Trethomas Bluebirds,2,1,3
Wales - Cymru Championship South,Treowen Stars,Cwmbran Celtic,2,2,4
Wales - Cymru Championship South,Ynyshir Albions,Afan Lido,1,2,3
"Wales - Cymru Championship, North",Caersws,Holywell Town,1,3,4
"Wales - Cymru Championship, North",Flint Mountain,Brickfield Rangers,0,2,2
"Wales - Cymru Championship, North",Guilsfield FC,Airbus UK Broughton,1,4,5
"Wales - Cymru Championship, North",Holyhead Hotspur,Penrhyncoch,1,1,2
"Wales - Cymru Championship, North",Llandudno FC,Newtown AFC,2,0,2
Lithuania - II Lyga,FK Sveikata Kybartai,Dfk Dainava B,4,0,4
Kosovo - Liga e Pare,KF Kika,KF Istogu,1,1,2
Russia - Saint Petersburg First League,Spbkls,Gidroer Kronshtadt,2,3,5
India - Shillong Second Divison,Mylliem Lum SC,Umpling,4,0,4
India - Shillong Second Divison,Tynring,Umphrup,3,2,5
"Bosnia & Herzegovina - Prva Liga, Fed BiH",FK Sloboda Tuzla,NK Celik Zenica,1,1,2
"Bosnia & Herzegovina - Prva Liga, Rep of Srpska",FK Drina Zvornik,FK Vlasenica,2,0,2
"Bosnia & Herzegovina - Prva Liga, Rep of Srpska",FK Slavija Sarajevo,FK Omarska,1,0,1
Norway - 3rd Division Group 6,Fram IF,Oppsal IF,1,4,5
Norway - 3rd Division Group 6,Stabaek Fotball 2,SF Grei,1,4,5
Norway - 3rd Division Group 6,Kvik Halden FK,FK Oern-Horten,3,0,3
Norway - 3rd Division Group 6,Odds BK 2,Ready Fotball,2,3,5
Norway - 3rd Division Group 6,Sarpsborg 08 2,Lokomotiv Oslo,1,1,2
Brazil - U20 Copa Catarinense,CF Caravaggio SC,Imbituba SC U20,13,0,13
Brazil - U20 Paulista,EC XV de Novembro de Jau SP,Uniao Suzano AC SP,2,1,3
Brazil - U20 Paulista,Sertaozinho FC SP,SE Palmeiras SP,0,2,2
Poland - CLJ,Stal Rzeszow,Lech Poznan,1,0,1
Poland - CLJ,Odra Opole,Bialystok,0,1,1
Czechia - U19 1. Liga,Karvina,FK Mlada Boleslav,2,1,3
Czechia - U19 1. Liga,SK Dynamo Ceske Budejovice,FC Zbrojovka Brno,4,1,5
Czechia - U19 1. Liga,FC Vysocina Jihlava,DUKLA PRAGUE,0,4,4
Czechia - U19 1. Liga,FC Pardubice,Sparta Prague,1,3,4
Czechia - U19 1. Liga,1 FC Slovacko,FC Slovan Liberec,3,1,4
Sweden Amateur - U19 Allsvenskan,Helsingborgs IF,Kalmar FF,3,0,3
Sweden Amateur - U19 Allsvenskan,IF Elfsborg,Halmstads BK,2,5,7
Portugal - U19 Campeonato Nacional,Pacos Ferreira,Rio Ave FC,1,0,1
Portugal - U19 Campeonato Nacional,FC Vizela,FC Famalicao,2,1,3
International Youth - U19 Friendly Games,Netherlands,Ukraine,3,1,4
International Youth - U19 Friendly Games,Germany,Italy,3,1,4
International Youth - U19 Friendly Games,Montenegro,Portugal,1,2,3
International Youth - U19 Friendly Games,Serbia,Hungary,3,1,4
International Youth - U19 Friendly Games,Slovenia,Poland,1,0,1
International Youth - U19 Friendly Games,Croatia,Czechia,2,2,4
International Youth - U19 Friendly Games,Scotland,Kazakhstan,1,2,3
International Youth - U19 Friendly Games,Azerbaijan,Faroe Islands,2,1,3
International Youth - U19 Friendly Games,England,Spain,3,3,6
International Youth - U19 Friendly Games,Moldova,Kosovo,3,4,7
France - U19 National,FC Nantes,Stade Lavallois Mayenne,2,1,3
France - U19 National,AS Monaco,GFC Ajaccio,1,1,2
Brazil - U20 Potiguar,Clube Laguna Saf RN U20,America FC RN,3,2,5
Brazil - U20 Potiguar,Qfc Rn U20,Fabrica de Craques U20,6,0,6
Brazil - U20 Potiguar,SCP Estrela Potiguar U20,ABC FC RN,0,3,3
Simulated Reality League - SRL Club Friendlies,Ajax SRL,Liverpool SRL,0,0,0
Simulated Reality League - SRL Club Friendlies,Ferencvarosi Tc SRL,Fenerbahce SRL,2,0,2
Simulated Reality League - SRL Club Friendlies,Lyon SRL,Betis SRL,2,2,4
Simulated Reality League - SRL Club Friendlies,Mainz SRL,AC Sparta Prague SRL,3,0,3
Simulated Reality League - SRL Club Friendlies,Atalanta SRL,RC Lens SRL,1,0,1
Simulated Reality League - SRL Club Friendlies,CRVENA ZVEZDA SRL,Malmo FF SRL,1,0,1
Simulated Reality League - SRL Club Friendlies,Rennes SRL,Borussia M SRL,0,1,1
Simulated Reality League - SRL Club Friendlies,Wolfsberger AC SRL,Basel SRL,2,0,2
"Iceland - Besta deild, Women",Stjarnan,Thor/KA,4,1,5
"Austria Amateur - Bundesliga, Women",FC Sudburgenland,SK Sturm Graz,0,2,2
"Austria Amateur - Bundesliga, Women",USV Neulengbach,LASK,0,3,3
Sweden - Damallsvenskan,Hacken Gothenburg W,Kristianstads DFF,1,1,2
Sweden - Damallsvenskan,Vaxjo DFF,Linkopings FC,2,1,3
Sweden - Damallsvenskan,Djurgardens IF DFF,Alingsas FC United,5,1,6
Sweden - Damallsvenskan,AIK DFF,Piteaa IF DFF,0,1,1
Sweden - Damallsvenskan,Hammarby IF,Malmo FF,2,1,3
"Netherlands - Eredivisie, Women",PSV Eindhoven,Excelsior Rotterdam,1,0,1
"Netherlands - Eredivisie, Women",Ajax Amsterdam,ADO Den Haag,6,0,6
"Netherlands - Eredivisie, Women",SC Heerenveen,FC Twente Enschede,1,3,4
"Mexico - Liga MX, Women, Apertura",Pumas Unam,Deportivo Toluca FC,1,2,3
"Mexico - Liga MX, Women, Apertura",FC Juarez,CF Pachuca,2,3,5
"Mexico - Liga MX, Women, Apertura",Mazatlan FC,Cruz Azul,1,4,5
"Mexico - Liga MX, Women, Apertura",Atlas FC,Queretaro FC,6,2,8
"Mexico - Liga MX, Women, Apertura",Club Leon,CD Guadalajara,1,2,3
"Japan - Nadeshiko League, Div. 1, Women",Ehime FC Ladies,Viamaterasu Miyazaki,2,1,3
"Japan - Nadeshiko League, Div. 1, Women",NGU Loveledge Nagoya,Nippatsu Yokohama FC Seagulls,3,0,3
"Japan - Nadeshiko League, Div. 1, Women",Nittaidai FC,Speranza Osaka-Takatsuki,0,0,0
"France - Premiere Ligue, Women",RC Lens,Paris Saint-Germain W,1,1,2
"France - Premiere Ligue, Women",FC Nantes,AS Saint-Etienne,2,1,3
"France - Premiere Ligue, Women",Le Havre AC,RC Strasbourg,2,2,4
"France - Premiere Ligue, Women",Montpellier HSC,FC Fleury,1,2,3
"France - Premiere Ligue, Women",Paris FC,Dijon FCO,2,0,2
Spain - Primera Division Women,Cdef Logrono,Real Sociedad San Sebastian,0,1,1
Spain - Primera Division Women,Madrid Ccf,SD Eibar,1,0,1
Spain - Primera Division Women,RCD Espanyol Barcelona,RC Deportivo La Coruna,1,1,2
Spain - Primera Division Women,Sevilla FC,UDG Tenerife,0,4,4
"Argentina - Primera Division, Women",San Luis FC,Boca Juniors,0,4,4
"Argentina - Primera Division, Women",Belgrano de Cordoba,Satsaid,2,0,2
"Belgium - Super League, Women",Oud-Heverlee Leuven,KRC Genk,1,1,2
"Belgium - Super League, Women",KAA Gent,Club Brugge KV,1,4,5
"Belgium - Super League, Women",RSC Anderlecht,KVC Westerlo,2,0,2
"Belgium - Super League, Women",SV Zulte Waregem,Standard Femina de Liege,0,0,0
"Switzerland - Super League, Women",Servette Geneva W,FC St. Gallen-Staad,3,0,3
"Russia - Superleague, Women",Lokomotiv Moscow,Ryazan VDV,3,0,3
"Russia - Superleague, Women",CSKA Moscow,FK Rubin Kazan,4,0,4
"Russia - Superleague, Women",Zvezda-2005 Perm,Chertanovo Moscow,0,1,1
"Norway - Toppserien, Women",SK Brann,Roea,3,0,3
"Norway - Toppserien, Women",Rosenborg BK Kvinner,Stabaek Fotball,1,1,2
"Japan - WE League, Women",Sanfrecce Hiroshima Regina,Omiya Ardija Ventus,3,4,7
"Japan - WE League, Women",JEF United Ichihara Chiba,Albirex Niigata,0,1,1
"Japan - WE League, Women",Chifure AS Elfen Saitama,Kanagawa Sagamihara,1,3,4
"Japan - WE League, Women",INAC Kobe Leonessa,Cerezo Osaka Sakai Ladies,5,0,5
"Japan - WE League, Women",Mynavi Sendai Ladies,Urawa Red Diamonds,2,1,3
"Japan - WE League, Women",Tokyo Verdy Beleza,AC Nagano Parceiro,6,1,7
Germany Amateur - Women Bundesliga,Bayern Munich W,Bayer Leverkusen,2,0,2
Germany Amateur - Women Bundesliga,1 FC Cologne,RB Leipzig,0,2,2
"Russia - 1st Division, Women",Trudovye Rezervy,Akron Akademiya Konopleva Zhen,2,1,3
"Russia - 1st Division, Women",Maksat Kazan,FC Nizhny Novgorod,0,6,6
"Russia - 1st Division, Women",Wfc Izhevsk,FC Orenburg,0,0,0
"Norway - 1st Division, Women",Molde FK,Viking FK,4,1,5
"Denmark - A Liga, Women",FC Nordsjaelland,AGF Aarhus,0,1,1
"Denmark - A Liga, Women",FC Midtjylland,Dbk Fortuna Hjoerring,0,1,1
"China - Chinese Super League, Women",Shanghai Shengli,Guangdong Meizhou Hakka FC,1,1,2
"China - Chinese Super League, Women",Beijing Beikong,Wuhan Jianghan,1,0,1
"China - Chinese Super League, Women",Changchun Dazhong Zhuoyue,Jiangsu LFC,3,0,3
"Finland - Kansallinen Liiga, Women",HJK Akatemia,PK-35 Helsinki,1,3,4
"Finland - Kansallinen Liiga, Women",Ebk,Jypk,1,2,3
"Finland - Kansallinen Liiga, Women",Kuopion Palloseura,HPS,5,1,6
"Finland - Kansallinen Liiga, Women",HJK Helsinki,Aaland United,6,1,7
Peru - Liga Femenina,Carlos A Mannucci,Universitario de Deportes,1,4,5
USA - National Womens Soccer League,Racing Louisville FC,Portland Thorns FC,1,2,3
"Hungary - NB I, Women",MTK Hungaria Budapest,Pecsi MFC,1,0,1
"Hungary - NB I, Women",Budapest Honved FC,Puskas Akademia Felcsut,1,3,4
"Hungary - NB I, Women",ETO FC Gyor,Ferencvarosi Budapest,1,4,5
"Hungary - NB I, Women",Ujpesti TE,Budaors Women,2,0,2
"Hungary - NB I, Women",Szekszardi Ufc,Haladas Viktoria Szombathely,2,2,4
"Hungary - NB I, Women",Diosgyori VTK Miskolc,Szent Mihaly SE,1,3,4
"Australia - NSW NPL, Women",Bulls FC Academy,MT Druitt Town Rangers,3,1,4
"Ireland - Premier Division, Women",Galway Wfc,Shelbourne LFC,2,1,3
"Ireland - Premier Division, Women",Peamount United Dublin,Waterford FC,5,0,5
"Ireland - Premier Division, Women",Bohemian FC,Cork City Wfc,2,0,2
"Ireland - Premier Division, Women",DLR Waves,Wexford Youths AFC,0,0,0
"Ireland - Premier Division, Women",Sligo Rovers,Treaty United,2,2,4
"Bulgaria - Premier League, Women",FC NSA Sofia,FC Sportika Blagoevgrad,3,1,4
"Australia - Queensland NPL, Women",Eastern Suburbs FC,Brisbane City FC,1,3,4
"Spain - Segunda Federacion, Women",Cacereno Femenino Atletico,Granada CF B,1,3,4
"Australia - South Australia NPL, Women",Adelaide Comets FC,Campbelltown City SC,1,0,1
"England Amateur - Super League 2, Women",Southampton FC,Ipswich Town Lfc,4,0,4
England Amateur - Super League Women,Arsenal WFC,London City Lionesses,4,1,5
"South Africa - Super League, Women",University of Cape Town FC,First Touch Academy,1,0,1
"Australia - Tasmania Southern Championship, Women",University of Tasmania,Taroona FC 2,7,0,7
"Australia - Tasmania Super League, Women",Devonport Strikers Women,South Hobart SC Women,1,0,1
"Australia - Tasmania Super League, Women",Launceston United Women,Glenorchy Knights Women,3,2,5
"Australia - Tasmania Super League, Women",Riverside Olympic FC Women,Taroona SC Women,0,2,2
"Australia - Victoria NPL, Women",Heidelberg United FC,Essendon Royals SC,1,0,1
"Australia - Victoria NPL, Women",FC Bulleen Lions,Box Hill United,1,3,4
"Australia - Western Australia NPL, Women",Hyundai Ntc,Balcatta FC,3,4,7
Slovakia - 1. League Women,Slovan Bratislava,FC Tatran Presov,2,0,2
Slovakia - 1. League Women,MSK Zilina,FC Petrzalka 1898,1,4,5
Slovakia - 1. League Women,Partizan Bardejov,FC Spartak Trnava,1,1,2
Colombia - Liga Femenina,CA Nacional Sa,Asociacion Deportivo Cali,1,2,3
Colombia - Liga Femenina,Orsomarso SC,Independiente Santa Fe,0,0,0
Estonia - Meistriliiga Women,JK Tabasalu,JK Tallinna Kalev,4,3,7
Estonia - Meistriliiga Women,Tartu JK Tammeka,Viimsi JK,1,7,8
"Australia - Queensland Premier League 1, Women",Capalaba Women,Caboolture FC Women,0,3,3
"France - U19 League, Women",Paris Saint-Germain FC,EA Guingamp,2,0,2
Panama - Women Profesional Soccer League,Unión Coclé Women,Inter Panama CF Women,2,2,4
Switzerland - 1. Liga Classic,Lancy FC,FC Monthey,6,1,7
Switzerland - 1. Liga Classic,FC Collina D Oro,FC Widnau,5,0,5
Switzerland - 1. Liga Classic,FC Naters Oberwallis,Stade Payerne,1,3,4
Switzerland - 1. Liga Classic,FC Winterthur II,AC Taverne,3,1,4
"Austria Amateur - 2. Bundesliga, Women",Dfc Luv Graz,Wiener Sport Club,1,3,4
"Russia - 2. Liga, Division A",Dinamo Moscow Res.,FK Veles Moscow,0,2,2
"Russia - 2. Liga, Division A",PFC Kuban Krasnodar,Rodina-2,0,0,0
"Russia - 2. Liga, Division A",FC Mashuk-KMV Pyatigorsk,FC Alania Vladikavkaz,2,1,3
"Russia - 2. Liga, Division A",Leningradets,FC Volgar Astrakhan,1,2,3
"Russia - 2. Liga, Division A",Dynamo Vladivostok,FC Irtysh Omsk,1,1,2
"Russia - 2. Liga, Division A",FC Kaluga,FC Murom,3,1,4
"Russia - 2. Liga, Division A",FC Tekstilshchik Ivanovo,Dinamo Kirov,1,1,2
"Russia - 2. Liga, Division A",Torpedo Miass,FC Avangard Kursk,1,0,1
"Russia - 2. Liga, Division A",FC Sibir Novosibirsk,FC Tyumen,1,0,1
"Czechia - 2. Liga, Women",SK Olomouc Sigma,FK Pardubice,2,2,4
"Czechia - 2. Liga, Women",SK Dynamo Ceske Budejovice,FC Prague Raptors,0,4,4
Slovakia - 3. Liga,FC Malacky,FKM Nove Zamky,0,0,0
Slovakia - 3. Liga,FK Slovan Duslo Sala,Spartak Myjava,2,3,5
Slovakia - 3. Liga,MFk Slovan Sabinov,SK Odeva Lipany,0,2,2
Slovakia - 3. Liga,MFK Vranov Nad Toplou,Spisska Nova Ves,1,1,2
Slovakia - 3. Liga,MSK Senec,Druzstevnik Velke Ludince,4,1,5
Slovakia - 3. Liga,SK 1923 Gabcikovo,KFC Komarno B,3,1,4
Slovenia - 3. SNL,NK Brezice 1919,NK Hajdina,3,2,5
Slovenia - 3. SNL,NK Ziri,NK Sobec Lesce,1,1,2
Slovenia - 3. SNL,Fuzinar Ravne,Rojko Dobrovce,1,1,2
Slovenia - 3. SNL,NK Podvinci,NK Rogaska,1,0,1
"Brazil - Alagoano, Serie B U23",Agrimaq Pilarense AL,Dimensao Saude,3,0,3
"Brazil - Alagoano, Women",UDA AL,Coruripe,10,0,10
"Brazil - Alagoano, Women",Guarani de Paripueira,Clube de Regatas Brasil AL,2,2,4
Argentina - Argentina Liga Professional U20,Argentinos Juniors U20,Boca Juniors U20,1,1,2
Argentina - Argentina Liga Professional U20,Atletico Tucuman U20,CA Independiente U20,1,1,2
Argentina - Argentina Liga Professional U20,Barracas Central U20,Banfield U20,0,2,2
Argentina - Argentina Liga Professional U20,CA Lanús U20,Deportivo Riestra U20,3,2,5
Argentina - Argentina Liga Professional U20,Platense U20,CA Sarmiento U20,0,0,0
Argentina - Argentina Liga Professional U20,Racing Club U20,CA Huracan U20,3,2,5
Argentina - Argentina Liga Professional U20,River Plate U20,Defensa y Justicia U20,2,2,4
Argentina - Argentina Liga Professional U20,Rosario Central U20,Independiente Rivadavia U20,7,0,7
Argentina - Argentina Liga Professional U20,San Lorenzo U20,San Martin-San Juan U20,0,1,1
"Denmark - B Liga, Women",B93 Copenhagen,Osterbro IF,0,2,2
Austria Amateur - Burgenlandliga,ASK Horitschon/U,SC Oberpullendorf,2,4,6
Austria Amateur - Burgenlandliga,Usv Halbturn,Mattersburger Sportverein 2020,1,4,5
"Brazil - Campeonato Acreano, Serie B",Nauas EC AC,Atletico Acreano AC,1,4,5
"Brazil - Candango, Serie B",Greval,AA Luziania DF,0,4,4
Australia - Capital Premier League,Anu FC,Canberra Juventus FC,5,3,8
Australia - Capital Premier League,Belconnen United,Canberra Olympic,1,2,3
Brazil - Capixaba Serie B,G.E.L,Serra FC,1,9,10
"Brazil - Capixaba, Serie B",Estrela Do Norte FC ES,Forte FC ES,1,0,1
"Brazil - Capixaba, Serie B",Gremio Esportivo Laranjeiras ES,Serra FC ES,1,9,10
"Brazil - Carioca, Serie B1",Bonsucesso FC RJ,Artsul FC RJ,0,0,0
"Brazil - Carioca, Serie B1",Duque de Caxias FC RJ,Goncalense FC RJ,1,0,1
"Brazil - Carioca, Serie B1",Friburguense AC RJ,AA Carapebus RJ,0,1,1
"Brazil - Carioca, Serie B1",Niteroiense,Sao Cristovao FR RJ,1,0,1
"Brazil - Carioca, Serie B1",Paduano EC RJ,EC Nova Cidade RJ,5,2,7
"Brazil - Catarinense, Women",Criciuma SC,Meninas de Jaragua,4,0,4
"Brazil - Catarinense, Women",Marcilio Dias,CE Paysandu SC,6,0,6
Bolivia - Copa Division Profesional,CA Nacional Potosi,Independiente Petrolero,0,3,3
Brazil - Copa Rio,AA Portuguesa RJ,Marica FC RJ,1,1,2
Brazil - Copa Rio,America FC RJ,Ceac/Araruama FC RJ,1,0,1
Denmark Amateur - Danmarksserien,Esbjerg FB 2,Horsens FS,1,0,0
Denmark Amateur - Danmarksserien,Espergaerde IF,Glostrup FK,3,1,4
Denmark Amateur - Danmarksserien,Herlev IF,AB Taarnby,1,2,3
Denmark Amateur - Danmarksserien,BK Marienlyst,SFB Oure FA,2,1,3
Denmark Amateur - Danmarksserien,Noerresundby FB,Aarhus Fremad 2,2,1,3
Denmark Amateur - Danmarksserien,Fredensborg BI,Alleroed FK,1,5,6
Denmark Amateur - Danmarksserien,Hedensted IF,Young Boys FD Silkeborg,1,1,2
Denmark Amateur - Danmarksserien,Holstebro BK,Vri,3,0,3
Denmark Amateur - Danmarksserien,Naestved IF,Ledoje Smorum Fodbold,3,2,5
Denmark Amateur - Danmarksserien,OKS,Ringkobing IF,4,1,5
Denmark Amateur - Danmarksserien,Ringsted IF,VB 1968,4,2,6
Denmark Amateur - Danmarksserien,Saaby Fodbold,Frederikssund,0,1,1
Netherlands - Derde Divisie,Blauw Geel 38,VV Kloetinge,1,1,2
Netherlands - Derde Divisie,SV Meerssen,Groene Ster,3,3,6
Netherlands - Derde Divisie,Udi 19,VV Noordwijk,2,1,3
Netherlands - Derde Divisie,Tec,Urk,3,4,7
Netherlands - Derde Divisie,FC Rijnvogels,RBC Roosendaal,4,0,4
"South Africa - Diski Challenge, Reserves",Orlando Pirates,Maritzburg United Reserve,3,3,6
"South Africa - Diski Challenge, Reserves",Golden Arrows,Richards Bay FC,1,3,4
"South Africa - Diski Challenge, Reserves",Magesi FC,Sekhukhune United,1,1,2
"South Africa - Diski Challenge, Reserves",TS Galaxy FC,Marumo Gallants,2,3,5
Czechia - Divize A,FK Komarov,FK Tachov,3,0,3
Czechia - Divize A,FA Povltavska,Tj Ligmet Milin,1,1,2
Czechia - Divize A,FK Slavoj Cesky Krumlov,FK Krimice,1,3,4
Czechia - Divize A,SK Benesov,FK Spartak Sobeslav,6,1,7
Czechia - Divize B,FC Chomutov,SK Steti,2,1,3
Czechia - Divize B,FK Ostrov,FC Viktoria Marianske Lazne,3,0,3
Czechia - Divize B,SK Slany,FK Meteor Prague VIII,0,1,1
Czechia - Divize B,Tempo Prague,SK Ujezd Praha 4,1,3,4
Czechia - Divize B,FK Banik Sokolov,FK Usti Nad Labem II,1,2,3
Czechia - Divize B,FK Olympie Brezova,SK Rapid Psary,2,1,3
Czechia - Divize C,FK Dobrovice,Horni Redice,1,4,5
Czechia - Divize C,FK Nachod,FC Hlinsko,1,3,4
Czechia - Divize C,FK Prepere,Pencin Turnov,1,2,3
Czechia - Divize C,SK Kosmonosy,FK Chlumec Nad Cidlinou,2,1,3
Czechia - Divize C,MFk Chrudim B,FK Slovan Hradek Nad Nisou 1910,2,0,2
Czechia - Divize D,FC PBS Velka Bites,FC Velke Mezirici,3,3,6
Czechia - Divize D,1. SC Znojmo FK,FC Slovan Havlickuv Brod,2,1,3
Czechia - Divize D,FC Sparta Brno,FS Trebic,5,1,6
Czechia - Divize D,FC Kurim,Sokol Tasovice,0,2,2
Czechia - Divize E,CSK Uhersky Brod,MSK Breclav,2,2,4
Czechia - Divize E,Sfk Elko Holesov,Tatran Vsechovice,1,5,6
Czechia - Divize E,TJ Skastice,SK Hs Kromeriz B,0,5,5
Czechia - Divize F,FC Irp Cesky Tesin,MFK Havirov,0,4,4
Croatia - Druga NL,HNK Croatia Dakovo,NK Bjelovar,0,1,1
Croatia - Druga NL,NK Jadran LP,NK Uskok,1,4,5
Croatia - Druga NL,NK Solin,NK Dugo Selo,1,1,2
Croatia - Druga NL,NK Uljanik,NK Lucko,2,1,3
Croatia - Druga NL,NK Varteks,NK Kustosija Zagreb,0,1,1
"Sweden Amateur - Elitettan, Women",IF Elfsborg,Eskilstuna United DFF,0,1,1
"Sweden Amateur - Elitettan, Women",BK Hacken Academy,Mallbackens IF,3,0,3
"Sweden Amateur - Elitettan, Women",Jitex Molndal BK,IK Uppsala Fotboll,1,0,1
"Sweden Amateur - Elitettan, Women",Bollstanas SK,Umea IK,1,1,2
"Sweden Amateur - Elitettan, Women",KIF Orebro DFF,Gamla Upsala SK,4,0,4
"Sweden Amateur - Elitettan, Women",Team Tg FF,Trelleborgs FF,1,1,2
"Jordan - First Division, Women",AL Ahly Amman,AL Naser,0,4,4
Croatia - First League Women,Znk Agram,Znk Hajduk Split,0,4,4
"Serbia - First Liga, Women",ZFK Napredak,Lavice-Dubocica,5,0,5
"Brazil - Goiano, 3. Divisao",America FC GO,Itumbiara EC GO,1,0,1
"Brazil - Goiano, 3. Divisao",Rioverdense GO,Mineiros GO,0,4,4
Guatemala - Guatemala Reserves League,Municipal Reserves,Deportivo Mixco Reserves,2,0,2
Honduras - Honduras Reserve League,Juticalpa Reserves,Lobos UPNFM Reserves,1,3,4
Honduras - Honduras Reserve League,Genesis FC Reserves,Club Deportivo Victoria Reserves,3,2,5
Estonia - II Liiga,Viimsi JK II,Tartu FC Helios,2,0,2
"Finland - Kakkonen, Women",Ppj,FC Hertta,2,3,5
"Austria Amateur - Karnten, Unterliga",Thal Assling,SV Raika Greifenburg,1,4,5
Austria Amateur - Karntner Liga,ATUS Ferlach,VST Voelkermarkt,1,0,1
Finland - Kolmonen,HIFK RF,Ppj/Lauttasaari,3,0,3
Finland - Kolmonen,Kultsu FC,Stps,5,0,5
Finland - Kolmonen,Peimari Utd,Eupa,6,0,6
Finland - Kolmonen,Tove,Abo IFK Turku,1,6,7
Finland - Kolmonen,TP 49,ACE,2,1,3
Finland - Kolmonen,Yloejarvi United FC,FC Haka J,1,5,6
Finland - Kolmonen,Kjp Kouvola,Kopa,1,0,1
Finland - Kolmonen,Larsmo Bollklubb,FC Kiisto,1,3,4
Finland - Kolmonen,Salon Palloilijat II,IFK Mariehamn 2,1,1,2
Finland - Kolmonen,Sporting Kristina,FC Saaripotku,1,1,2
Finland - Kolmonen,Toukolan Teras,Etella-Espoon Pallo,4,0,4
Korea Rep - Korea Republic K4 League,Dangjin FC,Namyangju FC,2,0,2
Korea Rep - Korea Republic K4 League,Jinju Citizen FC,Geoje FC,1,3,4
Korea Rep - Korea Republic K4 League,Gijang United,Yeoncheon FC,3,0,3
Korea Rep - Korea Republic K4 League,Seoul Jungnang FC,FC Sejong,1,4,5
Romania - Liga 3,ACS Oltul Curtisoara,Acso Filiasi,1,0,1
Romania - Liga 3,Acs Victoria Traian,ACS Petrolul 52 2,2,1,3
Romania - Liga 3,AFC Progresul 1944 Spartac,ACS LPS Hd Clinceni,2,4,6
Romania - Liga 3,Asc Olimpic Zarnesti,Cso Teleajenul Valeni de Munte,4,1,5
Romania - Liga 3,CS Crisul Santandrei,CS Lotus Baile Felix,1,1,2
Romania - Liga 3,Csm FC Vaslui,AFC Odorheiu Secuiesc,2,2,4
Romania - Liga 3,Csm Sacele,Cso Baicoi,1,3,4
Romania - Liga 3,FC Cetate Suceava,Csm Bucovina Radauti,3,2,5
Romania - Liga 3,FC Paulesti,AFC 1919 Dacia Unirea Braila,0,0,0
Romania - Liga 3,Universitatea Alba Iulia,ACS Cil Blaj,2,0,2
Honduras - Liga de Ascenso,FC Brasilia Rio Lindo,FC Leones HT6,1,1,2
Honduras - Liga de Ascenso,CD Real Tegus,Marcala Junior,4,3,7
Honduras - Liga de Ascenso,Real Tegus,San José de Marcala,4,3,7
"Malaysia - Liga Nasional, Women",Mbsj FC,Sabah FC,0,0,0
"Malaysia - Liga Nasional, Women",Kl Rangers FC,Kuala Lumpur FA,0,2,2
Mexico - Liga Premier Serie A,Chapulineros de Oaxaca,Neza FC,1,1,2
Mexico - Liga Premier Serie A,Tritones Vallarta MFC,Alacranes de Durango,1,0,1
Mexico - Liga Premier Serie A,Ciervos FC,Halcones De Zapopan FC,0,2,2
Mexico - Liga Premier Serie A,Colima FC,Los Cabos United,1,5,6
Mexico - Liga Premier Serie A,Zacatepec FC,Real de Arteaga FC,0,1,1
Mexico - Liga Premier Serie A,Cimarrones de Sonora FC,Mineros de Fresnillo FC,1,0,1
Mexico - Liga Premier Serie A,Heroes de Zaci FC,Canoneros Marina,3,1,4
Mexico - Liga Premier Serie A,Santiago FC,Chilpancingo,3,0,3
"Brazil - Mineiro, Segunda Divisao",CA Serranense MG,Uniao Luziense MG,0,0,0
France - National 2,FC De Montlouis,La Roche Vendee Football,1,4,5
France - National 2,Andrezieux-Boutheon FC,Cannes,2,0,2
France - National 2,AS Beauvais Oise,AS Furiani Agliani,2,2,4
France - National 2,Bordeaux,Olympique Saumur FC,2,1,3
France - National 2,Bourges FC,FCSR Haguenau,1,0,1
France - National 2,Colmar,Biesheim ASC,1,2,3
France - National 2,EFC Frejus Saint-Raphael,FC Goal,3,1,4
France - National 2,Entente Feignies Aulnoye,Saint-Pryve Saint-Hilaire FC,0,1,1
France - National 2,FC 93 Bobigny BG,US Creteil-Lusitanos,1,1,2
France - National 2,RC Grasse,AS Saint Priest,3,4,7
France - National 2,Thionville US Lusitanos,Blois Foot,1,0,1
France - National 2,Voltigeurs de Chateaubriant,US Granville,3,2,5
France - National 2,FC Limonest Dardilly Saint-Didier,Lusitanos Saint-Maur,0,1,1
France - National 2,FC Lorient B,Saint-Colomban Locmine,1,1,2
Myanmar - National League 2,Chinland FC,Silver Stars FC,2,0,2
Myanmar - National League 2,University FC,Glory Goal FC,1,0,1
Belgium - Nationale 1 ACFF,RFC Meux,R AEC Mons,0,2,2
Belgium - Nationale 1 ACFF,Union Saint-Gilloise B,RSC Habay,1,4,5
Belgium - Nationale 1 VV,KVV Zelzate,Sporting Hasselt,0,2,2
Hungary - NB III,Dorogi FC,Bicskei Tc,2,1,3
"Austria Amateur - Niederosterreich, 1. Landesliga",SKN St Polten Juniors,ASV Schrems,7,0,7
"Brazil - Pernambucano, Serie A2",America PE,Belo Jardim,2,0,2
"Brazil - Pernambucano, Serie A2",Porto PE,Caruaru City PE,2,0,2
"Ethiopia - Premier League, Women",Hawassa Ketema,Mechal SC,1,3,4
"Ethiopia - Premier League, Women",Ethio Electric SC,Bahir Dar Ketema,2,0,2
"Malawi - Premiership, Women",Mdf Lioness,Kukoma Ntopwa,2,0,2
Paraguay - Primera Division B (APF),3 de Febrero FBC,Club Silvio Pettirossi,0,0,0
Paraguay - Primera Division B (APF),Atlántida Sport Club,Presidente Hayes,3,0,3
Paraguay - Primera Division B (APF),Club Sportivo Iteno,Club Martin Ledesma,1,1,2
Paraguay - Primera Division B (APF),Club 12 de Octubre de Itauguá,Club Doctor Benjamín Aceval,3,1,4
Paraguay - Primera Division B (APF),Club Sportivo Limpeño,Club Sport Colombia,0,1,1
"El Salvador - Primera Division, Reserves, Apertura",Municipal Limeno,Inter Formando Un Atleta U20,2,2,4
"Chile - Primera Division, Women",Deportes Recoleta,Deportes Iquique,1,3,4
"Chile - Primera Division, Women",Coquimbo Unido,Santiago Morning,4,1,5
"Chile - Primera Division, Women",Colo Colo,CD Everton Vina Del Mar,9,0,9
"Chile - Primera Division, Women",Universidad de Concepcion,Santiago Wanderers,1,0,1
"Spain - Primera Federacion, Women",CD Alba Fundacion,Oviedo Moderno,1,0,1
"Spain - Primera Federacion, Women",Villarreal CF,Atletico Madrid B,1,2,3
"Spain - Primera Federacion, Women",Valencia CF,CE Europa,3,2,5
"Spain - Primera Federacion, Women",UD Granadilla Tenerife Sur B,Real Betis Seville,2,1,3
"Spain - Primera Federacion, Women",Real Madrid B,Deportivo Alaves,1,1,2
Puerto Rico - Puerto Rico National Football League,Metropolitan,San Juan FC Puerto Rico,5,3,8
"Australia - Queensland Premier League 2, Women",Palm Beach SC,Samford Rangers,3,2,5
Australia - Queensland Premier League 3 Metro,Virginia United,Newmarket SFC,1,2,3
Japan - Regional Football Champions League,Kawazoe Club,Nifs Kanoya FC,2,1,3
Japan - Regional Football Champions League,J-Lease FC,Brew Saga,3,1,4
Japan - Regional Football Champions League,Veroskronos Tsuno,FC Nobeoka Agata,1,1,2
Japan - Regional Football Champions League,Kmg Holdings FC,Mitsubishi Nagasaki SC,2,2,4
Japan - Regional Football Champions League,Nippon Steel Oita,FC Hakata,2,0,2
Japan - Regional Football Leagues,Nankatsu SC,Tokyo United FC,2,3,5
Chile - Segunda Division,Deportes Rengo,San Antonio Unido,1,4,5
Chile - Segunda Division,Brujas de Salamanca,Real San Joaquin,3,0,3
"Italy - Serie A Cup, Women",Inter Milano,ACF Fiorentina,3,1,4
"Italy - Serie A Cup, Women",AS Roma,AC Milan,1,0,1
Solomon Islands - Solomon Islands S league,GHUPO,Marist Fire,2,1,3
Solomon Islands - Solomon Islands S league,Southern United FC,Honiara City FC,4,1,5
Solomon Islands - Solomon Islands S league,Waneagu United,Laugu United,0,0,0
Serbia - Srpska Liga,FK Sloboda Uzice,FK Real Podunavci,1,1,2
Serbia - Srpska Liga,FK Naftagas Elemir,FK Zeleznicar Indjija,0,0,0
Serbia - Srpska Liga,FK Sloga Pozega,FK Napredak Markovac,1,2,3
Serbia - Srpska Liga,FK Takovo,FK Metalac Gornji Milanovac,0,1,1
Serbia - Srpska Liga,FK Buducnost Dobanovci,FK Kolubara Lazarevac,1,0,1
Serbia - Srpska Liga,FK Zvezdara,FK Gsp Polet Dorcol,1,0,1
Serbia - Srpska Liga,Gfk Jagodina,FK Sindelic Nis,2,0,2
Serbia - Srpska Liga,FK Teleoptik,FK T6 Nika,1,0,1
"Austria Amateur - Steiermark, Landesliga",Fsc Eggendorf Hartberg II,ASK Koflach,4,2,6
"Ecuador - Superliga, Women",Liga Deportiva Universitaria de Quito,Barcelona SC,3,0,3
"Romania - Superliga, Women",Atletic Olimpia Gherla,VASAS FEMINA FC,4,0,4
Australia - Tasmania Southern Championship,University of Tasmania,Taroona,0,6,6
Bulgaria - Treta Liga,FC Vitosha Bistrica,FC Balkan Botevgrad,5,0,5
Bulgaria - Treta Liga,Sekirovo,OFC Nesebar,1,2,3
Switzerland - U19 Elite,FC Lausanne Sport U19,Neuchatel Xamax,2,2,4
"Mexico - U19 Liga MX, Women",Club Leon,Mazatlan FC,5,0,5
"Mexico - U19 Liga MX, Women",Club Necaxa,Cruz Azul,6,4,10
"Mexico - U19 Liga MX, Women",Queretaro,Deportivo Toluca FC,0,3,3
"Mexico - U19 Liga MX, Women",CF Tigres UANL,Club Tijuana de Caliente,2,1,3
Hungary - U19 National,Debreceni VSC,Budapest Honved,0,4,4
Hungary - U19 National,Illes Akademia,MTK Budapest,2,6,8
Hungary - U19 National,Ferencvarosi TC,Szeged-Csanad Grosics Akademia,3,0,3
Hungary - U19 National,Ujpest FC,Gyori ETO FC,1,1,2
Hungary - U19 National,Vasas Kubala Academy,Diosgyori VTK,3,1,4
Hungary - U19 National,Puskas Akademia,Fehervar FC,2,3,5
"Brazil - U20 Carioca, Serie A",Sampaio Correa FE RJ,Marica FC RJ,0,0,0
"Brazil - U20 Carioca, Serie A",Boavista RJ,Botafogo FR RJ,0,2,2
"Brazil - U20 Carioca, Serie A",Madureira EC RJ,Fluminense FC RJ,0,3,3
"Brazil - U20 Carioca, Serie A",CR Flamengo RJ,CR Vasco da Gama RJ,1,4,5
"Brazil - U20 Carioca, Serie A2",Olaria AC RJ,Resende FC RJ,0,1,1
"Brazil - U20 Carioca, Serie A2",Sao Goncalo EC RJ,Araruama FC RJ,2,1,3
Brazil - U20 Cearense,Fortaleza EC CE,Ceara SC CE,1,0,1
Brazil - U20 Cearense,Gremio Recreativo Pague Menos CE U20,Alianca FC CE U20,2,0,2
Brazil - U20 Cearense,Itapipoca EC CE U20,Caucaia EC CE,0,2,2
Brazil - U20 Cearense,Itarema EC CE,Horizonte FC CE,1,6,7
Brazil - U20 Copa Goiano,Vila Nova FC GO,Cerrado GO,0,0,0
Brazil - U20 Copa Paranaense,Vasco Da Gama PR U20,Capao Raso PR U20,2,1,3
"Brazil - U20 Mineiro, 1. Divisao",Atletico Mineiro MG,Boston City FC MG U20,2,0,2
Finland - U20 SM,HJK Helsinki,FC Vaajakoski,3,1,4
Finland - U20 SM,TPS Juniorijalkapallo,Atlantis FC,8,1,9
Australia - U21 Tasmania NPL,Kingborough Lions United FC,Clarence Zebras FC,4,2,6
"Australia - U23 NSW NPL, Women",Gladesville Ravens,Northern Tigers,5,0,5
Australia - Victoria State League 1,Collingwood City,Brandon Park SC,1,1,2
Australia - Victoria State League 1,Mazenod FC,Hampton East Brighton FC,2,1,3
Australia - Victoria State League 1,South Springvale SC,Old Scotch,1,1,2
Australia - Victoria State League 1,Yarraville FC,FC Clifton Hill,1,0,1
Australia - Victoria State League 2,Bentleigh United Cobras FC,Berwick City SC,1,2,3
Australia - Victoria State League 2,Mooroolbark SC,St Kilda SC,1,1,2
Australia - Victoria State League 2,Williamstown SC,Mill Park SC,0,1,1
Austria Amateur - Wiener Stadtliga,FC 1980 Wien,Vienna Amateure,1,1,2
Austria Amateur - Wiener Stadtliga,FC Stadlau,SC Red Star Penzing,1,2,3
Austria Amateur - Wiener Stadtliga,LAC Inter,SV Wienerberg 1921,1,1,2
Austria Amateur - Wiener Stadtliga,Simmeringer SC,FAC Wien,3,1,4
Austria Amateur - Wiener Stadtliga,SV Dinamo Helfort 15,FC Mauerwerk,1,0,1
